condition,radial_speed_m_s,bandwidth_fraction,effective_bandwidth_hz,scr_db,method,acquisitions,any_hits,any_probability,any_cluster_ci_lower,any_cluster_ci_upper,local_hits,local_probability,local_cluster_ci_lower,local_cluster_ci_upper,first_is_local_hits,first_is_local_probability,first_is_local_cluster_ci_lower,first_is_local_cluster_ci_upper,first_local_hits,first_acquisition_look_sum,first_local_look_sum,first_local_delay_sum,mean_first_local_delay_looks,first_local_before_crossing,first_local_at_crossing,first_local_after_crossing
speed-15|band0.5|scr0,-15.0,0.5,22500000.0,0.0,IN-G0,4256,31,0.007283834586466165,0.003994360902255639,0.010808270676691729,10,0.002349624060150376,0.0009398496240601503,0.003994360902255639,6,0.0014097744360902255,0.0007048872180451127,0.002349624060150376,10,16059,5783,-24,-2.4,4,0,6
speed-15|band0.5|scr0,-15.0,0.5,22500000.0,0.0,CA-G0,4256,10,0.002349624060150376,0.001174812030075188,0.0035244360902255637,3,0.0007048872180451127,0.0,0.0014097744360902255,2,0.00046992481203007516,0.0,0.001174812030075188,3,5341,1700,43,14.333333333333334,1,0,2
speed-15|band0.5|scr0,-15.0,0.5,22500000.0,0.0,OS8-G0,4256,3,0.0007048872180451127,0.0,0.0014097744360902255,1,0.00023496240601503758,0.0,0.0007048872180451127,1,0.00023496240601503758,0.0,0.0007048872180451127,1,1165,240,-271,-271.0,1,0,0
speed-15|band0.5|scr0,-15.0,0.5,22500000.0,0.0,IN-G8,4256,31,0.007283834586466165,0.0037593984962406013,0.011278195488721804,11,0.0025845864661654134,0.0009398496240601503,0.0042293233082706765,6,0.0014097744360902255,0.00046992481203007516,0.0025845864661654134,11,15026,5269,-922,-83.81818181818181,6,0,5
speed-15|band0.5|scr0,-15.0,0.5,22500000.0,0.0,CA-G8,4256,8,0.0018796992481203006,0.0009398496240601503,0.0030545112781954886,2,0.00046992481203007516,0.0,0.001174812030075188,2,0.00046992481203007516,0.0,0.001174812030075188,2,4327,1260,632,316.0,0,0,2
speed-15|band0.5|scr0,-15.0,0.5,22500000.0,0.0,OS8-G8,4256,3,0.0007048872180451127,0.0,0.0014097744360902255,0,0.0,0.0,0.0,0,0.0,0.0,0.0,0,1336,0,0,,0,0,0
speed-15|band0.5|scr0,-15.0,0.5,22500000.0,0.0,PAMF-H1-K8-G8,4256,13,0.0030545112781954886,0.001174812030075188,0.005169172932330827,3,0.0007048872180451127,0.0,0.0014097744360902255,2,0.00046992481203007516,0.0,0.001174812030075188,3,4772,1232,-576,-192.0,1,0,2
speed-15|band0.5|scr0,-15.0,0.5,22500000.0,0.0,P-ANMF1-N16,4256,121,0.02843045112781955,0.0037593984962406013,0.06109022556390977,115,0.027020676691729324,0.003289473684210526,0.05897556390977444,115,0.027020676691729324,0.003289473684210526,0.05897556390977444,115,31443,29713,-28969,-251.90434782608696,95,1,19
speed-15|band0.5|scr10,-15.0,0.5,22500000.0,10.0,IN-G0,4256,20,0.004699248120300752,0.0021146616541353382,0.00775375939849624,5,0.001174812030075188,0.00046992481203007516,0.0018796992481203006,3,0.0007048872180451127,0.0,0.0014097744360902255,5,11315,2888,-293,-58.6,3,0,2
speed-15|band0.5|scr10,-15.0,0.5,22500000.0,10.0,CA-G0,4256,5,0.001174812030075188,0.00046992481203007516,0.0021146616541353382,0,0.0,0.0,0.0,0,0.0,0.0,0.0,0,3252,0,0,,0,0,0
speed-15|band0.5|scr10,-15.0,0.5,22500000.0,10.0,OS8-G0,4256,1,0.00023496240601503758,0.0,0.0007048872180451127,0,0.0,0.0,0.0,0,0.0,0.0,0.0,0,549,0,0,,0,0,0
speed-15|band0.5|scr10,-15.0,0.5,22500000.0,10.0,IN-G8,4256,24,0.005639097744360902,0.0030545112781954886,0.008458646616541353,6,0.0014097744360902255,0.0007048872180451127,0.002349624060150376,5,0.001174812030075188,0.00046992481203007516,0.0021146616541353382,6,12582,3165,-289,-48.166666666666664,3,0,3
speed-15|band0.5|scr10,-15.0,0.5,22500000.0,10.0,CA-G8,4256,0,0.0,0.0,0.0,0,0.0,0.0,0.0,0,0.0,0.0,0.0,0,0,0,0,,0,0,0
speed-15|band0.5|scr10,-15.0,0.5,22500000.0,10.0,OS8-G8,4256,1,0.00023496240601503758,0.0,0.0007048872180451127,0,0.0,0.0,0.0,0,0.0,0.0,0.0,0,271,0,0,,0,0,0
speed-15|band0.5|scr10,-15.0,0.5,22500000.0,10.0,PAMF-H1-K8-G8,4256,58,0.01362781954887218,0.0037593984962406013,0.02725563909774436,1,0.00023496240601503758,0.0,0.0007048872180451127,1,0.00023496240601503758,0.0,0.0007048872180451127,1,20678,937,75,75.0,0,0,1
speed-15|band0.5|scr10,-15.0,0.5,22500000.0,10.0,P-ANMF1-N16,4256,291,0.06837406015037593,0.00681390977443609,0.15037593984962405,273,0.06414473684210527,0.0037593984962406013,0.14826127819548873,268,0.06296992481203008,0.0037593984962406013,0.14426691729323307,273,47913,41133,-101803,-372.9047619047619,253,0,20
speed-15|band0.5|scr20,-15.0,0.5,22500000.0,20.0,IN-G0,4256,7,0.001644736842105263,0.00023496240601503758,0.003289473684210526,1,0.00023496240601503758,0.0,0.0007048872180451127,1,0.00023496240601503758,0.0,0.0007048872180451127,1,3322,439,1,1.0,0,0,1
speed-15|band0.5|scr20,-15.0,0.5,22500000.0,20.0,CA-G0,4256,6,0.0014097744360902255,0.00046992481203007516,0.0025845864661654134,0,0.0,0.0,0.0,0,0.0,0.0,0.0,0,1409,0,0,,0,0,0
speed-15|band0.5|scr20,-15.0,0.5,22500000.0,20.0,OS8-G0,4256,1,0.00023496240601503758,0.0,0.0007048872180451127,0,0.0,0.0,0.0,0,0.0,0.0,0.0,0,549,0,0,,0,0,0
speed-15|band0.5|scr20,-15.0,0.5,22500000.0,20.0,IN-G8,4256,26,0.006109022556390977,0.002349624060150376,0.010573308270676691,1,0.00023496240601503758,0.0,0.0007048872180451127,1,0.00023496240601503758,0.0,0.0007048872180451127,1,9952,439,1,1.0,0,0,1
speed-15|band0.5|scr20,-15.0,0.5,22500000.0,20.0,CA-G8,4256,0,0.0,0.0,0.0,0,0.0,0.0,0.0,0,0.0,0.0,0.0,0,0,0,0,,0,0,0
speed-15|band0.5|scr20,-15.0,0.5,22500000.0,20.0,OS8-G8,4256,0,0.0,0.0,0.0,0,0.0,0.0,0.0,0,0.0,0.0,0.0,0,0,0,0,,0,0,0
speed-15|band0.5|scr20,-15.0,0.5,22500000.0,20.0,PAMF-H1-K8-G8,4256,419,0.09844924812030076,0.039473684210526314,0.168703007518797,0,0.0,0.0,0.0,0,0.0,0.0,0.0,0,112074,0,0,,0,0,0
speed-15|band0.5|scr20,-15.0,0.5,22500000.0,20.0,P-ANMF1-N16,4256,339,0.07965225563909774,0.006109022556390977,0.18162593984962405,312,0.07330827067669173,0.0018796992481203006,0.17716165413533835,285,0.06696428571428571,0.0018796992481203006,0.16047932330827067,312,29016,16972,-144358,-462.68589743589746,305,0,7
speed-15|band1|scr0,-15.0,1.0,45000000.0,0.0,IN-G0,4256,46,0.010808270676691729,0.005404135338345864,0.01645324248120292,25,0.0058740601503759395,0.002819548872180451,0.009163533834586466,19,0.004464285714285714,0.0021146616541353382,0.007283834586466165,25,23843,14092,-1092,-43.68,13,0,12
speed-15|band1|scr0,-15.0,1.0,45000000.0,0.0,CA-G0,4256,17,0.003994360902255639,0.002819548872180451,0.005169172932330827,7,0.001644736842105263,0.0007048872180451127,0.002819548872180451,6,0.0014097744360902255,0.00046992481203007516,0.0025845864661654134,7,8078,3280,-517,-73.85714285714286,3,0,4
speed-15|band1|scr0,-15.0,1.0,45000000.0,0.0,OS8-G0,4256,3,0.0007048872180451127,0.0,0.0014097744360902255,1,0.00023496240601503758,0.0,0.0007048872180451127,1,0.00023496240601503758,0.0,0.0007048872180451127,1,1590,166,-621,-621.0,1,0,0
speed-15|band1|scr0,-15.0,1.0,45000000.0,0.0,IN-G8,4256,51,0.011983082706766917,0.006578947368421052,0.017857142857142856,33,0.00775375939849624,0.0037593984962406013,0.011983082706766917,23,0.005404135338345864,0.0025845864661654134,0.008458646616541353,33,26299,16615,-1359,-41.18181818181818,17,0,16
speed-15|band1|scr0,-15.0,1.0,45000000.0,0.0,CA-G8,4256,9,0.0021146616541353382,0.0009398496240601503,0.0037593984962406013,4,0.0009398496240601503,0.0,0.0021146616541353382,4,0.0009398496240601503,0.0,0.0021146616541353382,4,5099,2244,961,240.25,1,0,3
speed-15|band1|scr0,-15.0,1.0,45000000.0,0.0,OS8-G8,4256,1,0.00023496240601503758,0.0,0.0007048872180451127,0,0.0,0.0,0.0,0,0.0,0.0,0.0,0,848,0,0,,0,0,0
speed-15|band1|scr0,-15.0,1.0,45000000.0,0.0,PAMF-H1-K8-G8,4256,40,0.009398496240601503,0.0035244360902255637,0.01644736842105263,31,0.007283834586466165,0.0021146616541353382,0.013862781954887217,28,0.006578947368421052,0.0014097744360902255,0.012922932330827067,31,15048,10095,-3038,-98.0,20,0,11
speed-15|band1|scr0,-15.0,1.0,45000000.0,0.0,P-ANMF1-N16,4256,103,0.024201127819548873,0.002349624060150376,0.05404135338345865,95,0.022321428571428572,0.0014097744360902255,0.051221804511278196,95,0.022321428571428572,0.0014097744360902255,0.051221804511278196,95,33301,30533,-16655,-175.31578947368422,73,1,21
speed-15|band1|scr10,-15.0,1.0,45000000.0,10.0,IN-G0,4256,31,0.007283834586466165,0.0035244360902255637,0.011513157894736841,12,0.002819548872180451,0.0009398496240601503,0.004934210526315789,9,0.0021146616541353382,0.00046992481203007516,0.003994360902255639,12,16084,6179,-727,-60.583333333333336,7,0,5
speed-15|band1|scr10,-15.0,1.0,45000000.0,10.0,CA-G0,4256,17,0.003994360902255639,0.002349624060150376,0.0058740601503759395,6,0.0014097744360902255,0.00046992481203007516,0.0025845864661654134,5,0.001174812030075188,0.00046992481203007516,0.0021146616541353382,6,8084,2705,253,42.166666666666664,3,0,3
speed-15|band1|scr10,-15.0,1.0,45000000.0,10.0,OS8-G0,4256,2,0.00046992481203007516,0.0,0.001174812030075188,0,0.0,0.0,0.0,0,0.0,0.0,0.0,0,939,0,0,,0,0,0
speed-15|band1|scr10,-15.0,1.0,45000000.0,10.0,IN-G8,4256,53,0.012453007518796992,0.006343984962406015,0.01950187969924812,33,0.00775375939849624,0.0025845864661654134,0.013868656015037508,29,0.00681390977443609,0.001644736842105263,0.013157894736842105,33,23877,14345,-1925,-58.333333333333336,19,0,14
speed-15|band1|scr10,-15.0,1.0,45000000.0,10.0,CA-G8,4256,2,0.00046992481203007516,0.0,0.001174812030075188,1,0.00023496240601503758,0.0,0.0007048872180451127,1,0.00023496240601503758,0.0,0.0007048872180451127,1,1141,432,240,240.0,0,0,1
speed-15|band1|scr10,-15.0,1.0,45000000.0,10.0,OS8-G8,4256,1,0.00023496240601503758,0.0,0.0007048872180451127,0,0.0,0.0,0.0,0,0.0,0.0,0.0,0,848,0,0,,0,0,0
speed-15|band1|scr10,-15.0,1.0,45000000.0,10.0,PAMF-H1-K8-G8,4256,303,0.07119360902255639,0.030774201127819555,0.12030075187969924,296,0.06954887218045112,0.028659539473684215,0.11889097744360902,279,0.06555451127819549,0.02631578947368421,0.11278782894736833,296,90250,90271,-59688,-201.64864864864865,228,0,68
speed-15|band1|scr10,-15.0,1.0,45000000.0,10.0,P-ANMF1-N16,4256,258,0.0606203007518797,0.002819548872180451,0.14238721804511278,254,0.05968045112781955,0.0025845864661654134,0.14097744360902256,251,0.05897556390977444,0.0025845864661654134,0.13933270676691728,254,55559,54455,-76472,-301.07086614173227,226,0,28
speed-15|band1|scr20,-15.0,1.0,45000000.0,20.0,IN-G0,4256,14,0.003289473684210526,0.0018796992481203006,0.005169172932330827,5,0.001174812030075188,0.00046992481203007516,0.0021146616541353382,4,0.0009398496240601503,0.00023496240601503758,0.0018796992481203006,5,7391,2495,-639,-127.8,4,0,1
speed-15|band1|scr20,-15.0,1.0,45000000.0,20.0,CA-G0,4256,10,0.002349624060150376,0.001174812030075188,0.0037593984962406013,2,0.00046992481203007516,0.0,0.001174812030075188,2,0.00046992481203007516,0.0,0.001174812030075188,2,4413,1234,-23,-11.5,1,0,1
speed-15|band1|scr20,-15.0,1.0,45000000.0,20.0,OS8-G0,4256,3,0.0007048872180451127,0.0,0.0014097744360902255,2,0.00046992481203007516,0.0,0.001174812030075188,2,0.00046992481203007516,0.0,0.001174812030075188,2,2384,1463,423,211.5,0,0,2
speed-15|band1|scr20,-15.0,1.0,45000000.0,20.0,IN-G8,4256,86,0.020206766917293232,0.007518796992481203,0.03524436090225564,61,0.014332706766917292,0.004699248120300752,0.025845864661654134,59,0.013862781954887217,0.004464285714285714,0.024906015037593984,61,36155,25688,-4708,-77.18032786885246,36,0,25
speed-15|band1|scr20,-15.0,1.0,45000000.0,20.0,CA-G8,4256,0,0.0,0.0,0.0,0,0.0,0.0,0.0,0,0.0,0.0,0.0,0,0,0,0,,0,0,0
speed-15|band1|scr20,-15.0,1.0,45000000.0,20.0,OS8-G8,4256,1,0.00023496240601503758,0.0,0.0007048872180451127,0,0.0,0.0,0.0,0,0.0,0.0,0.0,0,930,0,0,,0,0,0
speed-15|band1|scr20,-15.0,1.0,45000000.0,20.0,PAMF-H1-K8-G8,4256,975,0.22908834586466165,0.12898848684210526,0.3374118890977443,970,0.22791353383458646,0.12781954887218044,0.33646616541353386,784,0.18421052631578946,0.10596804511278196,0.2695018796992481,970,230488,256714,-255807,-263.71855670103093,806,0,164
speed-15|band1|scr20,-15.0,1.0,45000000.0,20.0,P-ANMF1-N16,4256,326,0.07659774436090226,0.004699248120300752,0.17739661654135339,308,0.07236842105263158,0.0021146616541353382,0.17457706766917294,275,0.06461466165413533,0.0021146616541353382,0.15531015037593984,308,38531,32223,-127219,-413.0487012987013,302,0,6
speed-5|band0.5|scr0,-5.0,0.5,22500000.0,0.0,IN-G0,4256,57,0.013392857142857142,0.00681390977443609,0.02044172932330827,40,0.009398496240601503,0.004934210526315789,0.014332706766917292,25,0.0058740601503759395,0.003289473684210526,0.008458646616541353,40,28779,19966,-2191,-54.775,23,0,17
speed-5|band0.5|scr0,-5.0,0.5,22500000.0,0.0,CA-G0,4256,28,0.006578947368421052,0.0035244360902255637,0.00963345864661654,11,0.0025845864661654134,0.001174812030075188,0.0042293233082706765,11,0.0025845864661654134,0.001174812030075188,0.0042293233082706765,11,10744,3824,-1263,-114.81818181818181,8,0,3
speed-5|band0.5|scr0,-5.0,0.5,22500000.0,0.0,OS8-G0,4256,37,0.00869360902255639,0.005404135338345864,0.012218045112781954,27,0.006343984962406015,0.0037593984962406013,0.009163533834586466,27,0.006343984962406015,0.0037593984962406013,0.009163533834586466,27,19052,13324,793,29.37037037037037,15,0,12
speed-5|band0.5|scr0,-5.0,0.5,22500000.0,0.0,IN-G8,4256,70,0.01644736842105263,0.009163533834586466,0.024201127819548873,48,0.011278195488721804,0.006343984962406015,0.016212406015037595,36,0.008458646616541353,0.004928336466165419,0.012218045112781954,48,35177,22645,-2674,-55.708333333333336,27,0,21
speed-5|band0.5|scr0,-5.0,0.5,22500000.0,0.0,CA-G8,4256,27,0.006343984962406015,0.0042293233082706765,0.008928571428571428,14,0.003289473684210526,0.001644736842105263,0.005169172932330827,14,0.003289473684210526,0.001644736842105263,0.005169172932330827,14,10934,5496,126,9.0,7,0,7
speed-5|band0.5|scr0,-5.0,0.5,22500000.0,0.0,OS8-G8,4256,18,0.0042293233082706765,0.002349624060150376,0.006343984962406015,12,0.002819548872180451,0.001174812030075188,0.004699248120300752,12,0.002819548872180451,0.001174812030075188,0.004699248120300752,12,9598,6296,409,34.083333333333336,6,0,6
speed-5|band0.5|scr0,-5.0,0.5,22500000.0,0.0,PAMF-H1-K8-G8,4256,50,0.011748120300751879,0.006578947368421052,0.017857142857142856,36,0.008458646616541353,0.004699248120300752,0.012922932330827067,33,0.00775375939849624,0.004464285714285714,0.011748120300751879,36,22560,14099,-2542,-70.61111111111111,20,0,16
speed-5|band0.5|scr0,-5.0,0.5,22500000.0,0.0,P-ANMF1-N16,4256,409,0.09609962406015038,0.0606203007518797,0.13439849624060152,403,0.09468984962406016,0.05921052631578947,0.13345864661654136,401,0.09421992481203008,0.0587406015037594,0.13275963345864653,403,101733,101136,-100603,-249.63523573200993,337,1,65
speed-5|band0.5|scr10,-5.0,0.5,22500000.0,10.0,IN-G0,4256,40,0.009398496240601503,0.004699248120300752,0.014332706766917292,22,0.005169172932330827,0.0025845864661654134,0.00775375939849624,16,0.0037593984962406013,0.0018796992481203006,0.005639097744360902,22,22805,12802,721,32.77272727272727,10,0,12
speed-5|band0.5|scr10,-5.0,0.5,22500000.0,10.0,CA-G0,4256,15,0.0035244360902255637,0.0018796992481203006,0.005169172932330827,3,0.0007048872180451127,0.0,0.0014097744360902255,3,0.0007048872180451127,0.0,0.0014097744360902255,3,7001,2011,281,93.66666666666667,0,0,3
speed-5|band0.5|scr10,-5.0,0.5,22500000.0,10.0,OS8-G0,4256,19,0.004464285714285714,0.0021146616541353382,0.007283834586466165,8,0.0018796992481203006,0.0007048872180451127,0.003289473684210526,8,0.0018796992481203006,0.0007048872180451127,0.003289473684210526,8,9258,4598,478,59.75,2,0,6
speed-5|band0.5|scr10,-5.0,0.5,22500000.0,10.0,IN-G8,4256,50,0.011748120300751879,0.006109022556390977,0.01762218045112782,29,0.00681390977443609,0.0037593984962406013,0.009868421052631578,19,0.004464285714285714,0.002349624060150376,0.00681390977443609,29,25451,15060,-394,-13.586206896551724,15,0,14
speed-5|band0.5|scr10,-5.0,0.5,22500000.0,10.0,CA-G8,4256,13,0.0030545112781954886,0.0007048872180451127,0.0058740601503759395,5,0.001174812030075188,0.00023496240601503758,0.002349624060150376,5,0.001174812030075188,0.00023496240601503758,0.002349624060150376,5,4026,1804,-232,-46.4,2,0,3
speed-5|band0.5|scr10,-5.0,0.5,22500000.0,10.0,OS8-G8,4256,13,0.0030545112781954886,0.001174812030075188,0.005169172932330827,7,0.001644736842105263,0.00046992481203007516,0.003289473684210526,7,0.001644736842105263,0.00046992481203007516,0.003289473684210526,7,5597,3469,180,25.714285714285715,3,0,4
speed-5|band0.5|scr10,-5.0,0.5,22500000.0,10.0,PAMF-H1-K8-G8,4256,37,0.00869360902255639,0.003994360902255639,0.014332706766917292,22,0.005169172932330827,0.0025845864661654134,0.008223684210526315,18,0.0042293233082706765,0.0018796992481203006,0.007048872180451127,22,17329,11285,1689,76.77272727272727,7,0,15
speed-5|band0.5|scr10,-5.0,0.5,22500000.0,10.0,P-ANMF1-N16,4256,1964,0.46146616541353386,0.35126292293233086,0.5773026315789473,1964,0.46146616541353386,0.35126292293233086,0.5773026315789473,1962,0.46099624060150374,0.35079887218045114,0.5768385808270676,1964,222796,222900,-770288,-392.20366598778,1846,0,118
speed-5|band0.5|scr20,-5.0,0.5,22500000.0,20.0,IN-G0,4256,26,0.006109022556390977,0.002819548872180451,0.00963345864661654,5,0.001174812030075188,0.00046992481203007516,0.0018796992481203006,4,0.0009398496240601503,0.00023496240601503758,0.001644736842105263,5,14544,3281,-21,-4.2,2,0,3
speed-5|band0.5|scr20,-5.0,0.5,22500000.0,20.0,CA-G0,4256,5,0.001174812030075188,0.00046992481203007516,0.0021146616541353382,1,0.00023496240601503758,0.0,0.0007048872180451127,0,0.0,0.0,0.0,1,2334,670,132,132.0,0,0,1
speed-5|band0.5|scr20,-5.0,0.5,22500000.0,20.0,OS8-G0,4256,9,0.0021146616541353382,0.0007048872180451127,0.003994360902255639,3,0.0007048872180451127,0.0,0.0014097744360902255,3,0.0007048872180451127,0.0,0.0014097744360902255,3,4883,2121,31,10.333333333333334,1,0,2
speed-5|band0.5|scr20,-5.0,0.5,22500000.0,20.0,IN-G8,4256,31,0.007283834586466165,0.003994360902255639,0.010808270676691729,8,0.0018796992481203006,0.0007048872180451127,0.003289473684210526,5,0.001174812030075188,0.00046992481203007516,0.0021146616541353382,8,16542,4319,-157,-19.625,4,0,4
speed-5|band0.5|scr20,-5.0,0.5,22500000.0,20.0,CA-G8,4256,5,0.001174812030075188,0.00046992481203007516,0.0021146616541353382,0,0.0,0.0,0.0,0,0.0,0.0,0.0,0,1759,0,0,,0,0,0
speed-5|band0.5|scr20,-5.0,0.5,22500000.0,20.0,OS8-G8,4256,3,0.0007048872180451127,0.0,0.0014097744360902255,0,0.0,0.0,0.0,0,0.0,0.0,0.0,0,1374,0,0,,0,0,0
speed-5|band0.5|scr20,-5.0,0.5,22500000.0,20.0,PAMF-H1-K8-G8,4256,21,0.004934210526315789,0.0021146616541353382,0.008223684210526315,5,0.001174812030075188,0.00023496240601503758,0.002349624060150376,4,0.0009398496240601503,0.00023496240601503758,0.001644736842105263,5,10143,3254,343,68.6,1,0,4
speed-5|band0.5|scr20,-5.0,0.5,22500000.0,20.0,P-ANMF1-N16,4256,3518,0.8265977443609023,0.7528195488721805,0.8954476033834585,3518,0.8265977443609023,0.7528195488721805,0.8954476033834585,3509,0.824483082706767,0.7511748120300752,0.8928571428571429,3518,128448,128575,-1666546,-473.7197271176805,3460,0,58
speed-5|band1|scr0,-5.0,1.0,45000000.0,0.0,IN-G0,4256,66,0.01550751879699248,0.008928571428571428,0.022556390977443608,50,0.011748120300751879,0.006109022556390977,0.01762218045112782,37,0.00869360902255639,0.004699248120300752,0.012922932330827067,50,32259,24816,-2286,-45.72,27,0,23
speed-5|band1|scr0,-5.0,1.0,45000000.0,0.0,CA-G0,4256,24,0.005639097744360902,0.003289473684210526,0.007988721804511278,15,0.0035244360902255637,0.001644736842105263,0.005639097744360902,15,0.0035244360902255637,0.001644736842105263,0.005639097744360902,15,11262,6436,-607,-40.46666666666667,10,0,5
speed-5|band1|scr0,-5.0,1.0,45000000.0,0.0,OS8-G0,4256,56,0.013157894736842105,0.00775375939849624,0.01856203007518797,43,0.010103383458646616,0.005639097744360902,0.01456766917293233,43,0.010103383458646616,0.005639097744360902,0.01456766917293233,43,28810,24515,2853,66.34883720930233,19,0,24
speed-5|band1|scr0,-5.0,1.0,45000000.0,0.0,IN-G8,4256,65,0.015272556390977443,0.008223684210526315,0.023026315789473683,51,0.011983082706766917,0.006343984962406015,0.01832706766917293,38,0.008928571428571428,0.004934210526315789,0.012922932330827067,51,33012,25425,-2168,-42.509803921568626,27,0,24
speed-5|band1|scr0,-5.0,1.0,45000000.0,0.0,CA-G8,4256,27,0.006343984962406015,0.0035244360902255637,0.009398496240601503,20,0.004699248120300752,0.002349624060150376,0.007048872180451127,20,0.004699248120300752,0.002349624060150376,0.007048872180451127,20,15278,11288,2453,122.65,5,0,15
speed-5|band1|scr0,-5.0,1.0,45000000.0,0.0,OS8-G8,4256,14,0.003289473684210526,0.001174812030075188,0.005639097744360902,9,0.0021146616541353382,0.0009398496240601503,0.0035244360902255637,9,0.0021146616541353382,0.0009398496240601503,0.0035244360902255637,9,8496,5655,1080,120.0,3,0,6
speed-5|band1|scr0,-5.0,1.0,45000000.0,0.0,PAMF-H1-K8-G8,4256,54,0.01268796992481203,0.00681390977443609,0.019971804511278196,44,0.010338345864661654,0.005169172932330827,0.01668233082706767,41,0.00963345864661654,0.005169172932330827,0.014802631578947368,44,25684,20056,-1532,-34.81818181818182,24,0,20
speed-5|band1|scr0,-5.0,1.0,45000000.0,0.0,P-ANMF1-N16,4256,362,0.08505639097744361,0.052860667293233084,0.12030075187969924,356,0.08364661654135339,0.051456766917293235,0.11912593984962407,354,0.08317669172932331,0.05098684210526316,0.11865601503759399,356,125696,125104,-50162,-140.90449438202248,291,1,64
speed-5|band1|scr10,-5.0,1.0,45000000.0,10.0,IN-G0,4256,54,0.01268796992481203,0.007048872180451127,0.01856203007518797,35,0.008223684210526315,0.004464285714285714,0.011983082706766917,25,0.0058740601503759395,0.003289473684210526,0.008458646616541353,35,26768,18776,-568,-16.228571428571428,17,0,18
speed-5|band1|scr10,-5.0,1.0,45000000.0,10.0,CA-G0,4256,20,0.004699248120300752,0.002349624060150376,0.007283834586466165,13,0.0030545112781954886,0.0009398496240601503,0.005404135338345864,13,0.0030545112781954886,0.0009398496240601503,0.005404135338345864,13,10801,7150,247,19.0,4,0,9
speed-5|band1|scr10,-5.0,1.0,45000000.0,10.0,OS8-G0,4256,44,0.010338345864661654,0.00681390977443609,0.014332706766917292,22,0.005169172932330827,0.0025845864661654134,0.008458646616541353,22,0.005169172932330827,0.0025845864661654134,0.008458646616541353,22,22569,11748,539,24.5,9,0,13
speed-5|band1|scr10,-5.0,1.0,45000000.0,10.0,IN-G8,4256,56,0.013157894736842105,0.007283834586466165,0.01950187969924812,43,0.010103383458646616,0.005639097744360902,0.014802631578947368,33,0.00775375939849624,0.004464285714285714,0.011278195488721804,43,28873,22732,-1241,-28.86046511627907,23,0,20
speed-5|band1|scr10,-5.0,1.0,45000000.0,10.0,CA-G8,4256,22,0.005169172932330827,0.003289473684210526,0.007283834586466165,13,0.0030545112781954886,0.001644736842105263,0.004699248120300752,13,0.0030545112781954886,0.001644736842105263,0.004699248120300752,13,12874,7410,1547,119.0,3,0,10
speed-5|band1|scr10,-5.0,1.0,45000000.0,10.0,OS8-G8,4256,16,0.0037593984962406013,0.0021146616541353382,0.006109022556390977,10,0.002349624060150376,0.0009398496240601503,0.0042293233082706765,10,0.002349624060150376,0.0009398496240601503,0.0042293233082706765,10,6353,3672,-2249,-224.9,6,0,4
speed-5|band1|scr10,-5.0,1.0,45000000.0,10.0,PAMF-H1-K8-G8,4256,47,0.011043233082706766,0.005639097744360902,0.01832706766917293,34,0.007988721804511278,0.004464285714285714,0.012453007518796992,28,0.006578947368421052,0.003994360902255639,0.00963345864661654,34,21930,15513,-451,-13.264705882352942,15,0,19
speed-5|band1|scr10,-5.0,1.0,45000000.0,10.0,P-ANMF1-N16,4256,1856,0.43609022556390975,0.32847744360902253,0.5507636278195487,1856,0.43609022556390975,0.32847744360902253,0.5507636278195487,1850,0.43468045112781956,0.3268327067669173,0.5495829417293232,1856,438448,439305,-496509,-267.515625,1741,0,115
speed-5|band1|scr20,-5.0,1.0,45000000.0,20.0,IN-G0,4256,33,0.00775375939849624,0.003994360902255639,0.011519031954887132,17,0.003994360902255639,0.0021146616541353382,0.006109022556390977,12,0.002819548872180451,0.001644736842105263,0.003994360902255639,17,17153,9232,-392,-23.058823529411764,8,0,9
speed-5|band1|scr20,-5.0,1.0,45000000.0,20.0,CA-G0,4256,7,0.001644736842105263,0.0007048872180451127,0.002819548872180451,2,0.00046992481203007516,0.0,0.001174812030075188,2,0.00046992481203007516,0.0,0.001174812030075188,2,3263,599,-801,-400.5,2,0,0
speed-5|band1|scr20,-5.0,1.0,45000000.0,20.0,OS8-G0,4256,16,0.0037593984962406013,0.0018796992481203006,0.005639097744360902,8,0.0018796992481203006,0.0007048872180451127,0.003289473684210526,8,0.0018796992481203006,0.0007048872180451127,0.003289473684210526,8,8117,5103,2548,318.5,2,0,6
speed-5|band1|scr20,-5.0,1.0,45000000.0,20.0,IN-G8,4256,41,0.00963345864661654,0.005404135338345864,0.013862781954887217,18,0.0042293233082706765,0.0021146616541353382,0.006578947368421052,16,0.0037593984962406013,0.0021146616541353382,0.0058740601503759395,18,21169,8693,-995,-55.27777777777778,9,0,9
speed-5|band1|scr20,-5.0,1.0,45000000.0,20.0,CA-G8,4256,6,0.0014097744360902255,0.0,0.0037593984962406013,2,0.00046992481203007516,0.0,0.0014097744360902255,2,0.00046992481203007516,0.0,0.0014097744360902255,2,2557,1739,1025,512.5,0,0,2
speed-5|band1|scr20,-5.0,1.0,45000000.0,20.0,OS8-G8,4256,4,0.0009398496240601503,0.00023496240601503758,0.001644736842105263,0,0.0,0.0,0.0,0,0.0,0.0,0.0,0,1479,0,0,,0,0,0
speed-5|band1|scr20,-5.0,1.0,45000000.0,20.0,PAMF-H1-K8-G8,4256,42,0.009868421052631578,0.003289473684210526,0.01832706766917293,29,0.00681390977443609,0.001644736842105263,0.01362781954887218,27,0.006343984962406015,0.0014097744360902255,0.01268796992481203,29,18220,13836,-931,-32.10344827586207,14,0,15
speed-5|band1|scr20,-5.0,1.0,45000000.0,20.0,P-ANMF1-N16,4256,3475,0.8164943609022557,0.7406015037593985,0.8883987312030074,3475,0.8164943609022557,0.7406015037593985,0.8883987312030074,3449,0.8103853383458647,0.7366071428571429,0.8804041353383458,3475,423845,424057,-1349940,-388.47194244604316,3397,0,78
speed5|band0.5|scr0,5.0,0.5,22500000.0,0.0,IN-G0,4256,47,0.011043233082706766,0.0058740601503759395,0.01668233082706767,20,0.004699248120300752,0.002349624060150376,0.007283834586466165,10,0.002349624060150376,0.0009398496240601503,0.003994360902255639,20,22310,11427,-1099,-54.95,13,0,7
speed5|band0.5|scr0,5.0,0.5,22500000.0,0.0,CA-G0,4256,21,0.004934210526315789,0.0025845864661654134,0.007283834586466165,10,0.002349624060150376,0.001174812030075188,0.0035244360902255637,10,0.002349624060150376,0.001174812030075188,0.0035244360902255637,10,11171,5076,145,14.5,6,0,4
speed5|band0.5|scr0,5.0,0.5,22500000.0,0.0,OS8-G0,4256,6,0.0014097744360902255,0.00046992481203007516,0.0025845864661654134,1,0.00023496240601503758,0.0,0.0007048872180451127,1,0.00023496240601503758,0.0,0.0007048872180451127,1,2511,437,-33,-33.0,1,0,0
speed5|band0.5|scr0,5.0,0.5,22500000.0,0.0,IN-G8,4256,49,0.011513157894736841,0.005639097744360902,0.017857142857142856,23,0.005404135338345864,0.002349624060150376,0.00869360902255639,12,0.002819548872180451,0.001174812030075188,0.004464285714285714,23,23475,12189,-1284,-55.82608695652174,15,0,8
speed5|band0.5|scr0,5.0,0.5,22500000.0,0.0,CA-G8,4256,5,0.001174812030075188,0.0,0.002819548872180451,0,0.0,0.0,0.0,0,0.0,0.0,0.0,0,3040,0,0,,0,0,0
speed5|band0.5|scr0,5.0,0.5,22500000.0,0.0,OS8-G8,4256,3,0.0007048872180451127,0.0,0.0014097744360902255,0,0.0,0.0,0.0,0,0.0,0.0,0.0,0,742,0,0,,0,0,0
speed5|band0.5|scr0,5.0,0.5,22500000.0,0.0,PAMF-H1-K8-G8,4256,19,0.004464285714285714,0.0018796992481203006,0.007518796992481203,2,0.00046992481203007516,0.0,0.001174812030075188,2,0.00046992481203007516,0.0,0.001174812030075188,2,7424,877,240,120.0,0,0,2
speed5|band0.5|scr0,5.0,0.5,22500000.0,0.0,P-ANMF1-N16,4256,1523,0.3578477443609023,0.2962875939849624,0.4161242951127819,1519,0.3569078947368421,0.29510690789473687,0.41541353383458646,1515,0.35596804511278196,0.293937969924812,0.4149436090225564,1519,230559,228438,-540073,-355.54509545753785,1377,1,141
speed5|band0.5|scr10,5.0,0.5,22500000.0,10.0,IN-G0,4256,33,0.00775375939849624,0.0037593984962406013,0.011983082706766917,11,0.0025845864661654134,0.001174812030075188,0.003994360902255639,5,0.001174812030075188,0.00023496240601503758,0.002349624060150376,11,17249,6579,-301,-27.363636363636363,7,0,4
speed5|band0.5|scr10,5.0,0.5,22500000.0,10.0,CA-G0,4256,4,0.0009398496240601503,0.00023496240601503758,0.001644736842105263,2,0.00046992481203007516,0.0,0.001174812030075188,2,0.00046992481203007516,0.0,0.001174812030075188,2,2230,1195,46,23.0,1,0,1
speed5|band0.5|scr10,5.0,0.5,22500000.0,10.0,OS8-G0,4256,3,0.0007048872180451127,0.0,0.0014097744360902255,0,0.0,0.0,0.0,0,0.0,0.0,0.0,0,1482,0,0,,0,0,0
speed5|band0.5|scr10,5.0,0.5,22500000.0,10.0,IN-G8,4256,32,0.007518796992481203,0.0037593984962406013,0.011748120300751879,8,0.0018796992481203006,0.00046992481203007516,0.003289473684210526,3,0.0007048872180451127,0.0,0.001644736842105263,8,15822,4810,-248,-31.0,5,0,3
speed5|band0.5|scr10,5.0,0.5,22500000.0,10.0,CA-G8,4256,3,0.0007048872180451127,0.0,0.0018796992481203006,0,0.0,0.0,0.0,0,0.0,0.0,0.0,0,2161,0,0,,0,0,0
speed5|band0.5|scr10,5.0,0.5,22500000.0,10.0,OS8-G8,4256,1,0.00023496240601503758,0.0,0.0007048872180451127,0,0.0,0.0,0.0,0,0.0,0.0,0.0,0,811,0,0,,0,0,0
speed5|band0.5|scr10,5.0,0.5,22500000.0,10.0,PAMF-H1-K8-G8,4256,16,0.0037593984962406013,0.0014097744360902255,0.006343984962406015,2,0.00046992481203007516,0.0,0.001174812030075188,1,0.00023496240601503758,0.0,0.0007048872180451127,2,6014,878,241,120.5,0,0,2
speed5|band0.5|scr10,5.0,0.5,22500000.0,10.0,P-ANMF1-N16,4256,3518,0.8265977443609023,0.768562030075188,0.8766447368421053,3518,0.8265977443609023,0.768562030075188,0.8766447368421053,3509,0.824483082706767,0.7669172932330827,0.87359609962406,3518,180264,180272,-1613348,-458.5980670835702,3437,0,81
speed5|band0.5|scr20,5.0,0.5,22500000.0,20.0,IN-G0,4256,18,0.0042293233082706765,0.0021146616541353382,0.006578947368421052,1,0.00023496240601503758,0.0,0.0007048872180451127,1,0.00023496240601503758,0.0,0.0007048872180451127,1,10464,440,-201,-201.0,1,0,0
speed5|band0.5|scr20,5.0,0.5,22500000.0,20.0,CA-G0,4256,2,0.00046992481203007516,0.0,0.001174812030075188,0,0.0,0.0,0.0,0,0.0,0.0,0.0,0,696,0,0,,0,0,0
speed5|band0.5|scr20,5.0,0.5,22500000.0,20.0,OS8-G0,4256,2,0.00046992481203007516,0.0,0.001174812030075188,0,0.0,0.0,0.0,0,0.0,0.0,0.0,0,571,0,0,,0,0,0
speed5|band0.5|scr20,5.0,0.5,22500000.0,20.0,IN-G8,4256,19,0.004464285714285714,0.0021146616541353382,0.00681390977443609,2,0.00046992481203007516,0.0,0.001174812030075188,1,0.00023496240601503758,0.0,0.0007048872180451127,2,11245,892,-9,-4.5,1,0,1
speed5|band0.5|scr20,5.0,0.5,22500000.0,20.0,CA-G8,4256,4,0.0009398496240601503,0.0,0.002349624060150376,0,0.0,0.0,0.0,0,0.0,0.0,0.0,0,2269,0,0,,0,0,0
speed5|band0.5|scr20,5.0,0.5,22500000.0,20.0,OS8-G8,4256,0,0.0,0.0,0.0,0,0.0,0.0,0.0,0,0.0,0.0,0.0,0,0,0,0,,0,0,0
speed5|band0.5|scr20,5.0,0.5,22500000.0,20.0,PAMF-H1-K8-G8,4256,23,0.005404135338345864,0.0018796992481203006,0.00963345864661654,0,0.0,0.0,0.0,0,0.0,0.0,0.0,0,9411,0,0,,0,0,0
speed5|band0.5|scr20,5.0,0.5,22500000.0,20.0,P-ANMF1-N16,4256,4128,0.9699248120300752,0.950187969924812,0.9842575187969925,4128,0.9699248120300752,0.950187969924812,0.9842575187969925,4094,0.9619360902255639,0.943609022556391,0.9760338345864662,4128,41498,41498,-2068988,-501.2083333333333,4106,0,22
speed5|band1|scr0,5.0,1.0,45000000.0,0.0,IN-G0,4256,59,0.013862781954887217,0.007518796992481203,0.02044172932330827,34,0.007988721804511278,0.004464285714285714,0.011513157894736841,20,0.004699248120300752,0.002349624060150376,0.007048872180451127,34,30436,17801,-1790,-52.64705882352941,20,0,14
speed5|band1|scr0,5.0,1.0,45000000.0,0.0,CA-G0,4256,28,0.006578947368421052,0.004464285714285714,0.00869360902255639,12,0.002819548872180451,0.0014097744360902255,0.004464285714285714,12,0.002819548872180451,0.0014097744360902255,0.004464285714285714,12,12673,5721,118,9.833333333333334,6,0,6
speed5|band1|scr0,5.0,1.0,45000000.0,0.0,OS8-G0,4256,7,0.001644736842105263,0.00046992481203007516,0.0030545112781954886,1,0.00023496240601503758,0.0,0.0007048872180451127,1,0.00023496240601503758,0.0,0.0007048872180451127,1,2518,549,65,65.0,0,0,1
speed5|band1|scr0,5.0,1.0,45000000.0,0.0,IN-G8,4256,59,0.013862781954887217,0.007048872180451127,0.021146616541353382,33,0.00775375939849624,0.0037593984962406013,0.011983082706766917,18,0.0042293233082706765,0.0021146616541353382,0.006343984962406015,33,29090,17199,-2249,-68.15151515151516,21,0,12
speed5|band1|scr0,5.0,1.0,45000000.0,0.0,CA-G8,4256,13,0.0030545112781954886,0.001174812030075188,0.005169172932330827,4,0.0009398496240601503,0.00023496240601503758,0.0018796992481203006,4,0.0009398496240601503,0.00023496240601503758,0.0018796992481203006,4,7296,1833,-698,-174.5,3,0,1
speed5|band1|scr0,5.0,1.0,45000000.0,0.0,OS8-G8,4256,6,0.0014097744360902255,0.00046992481203007516,0.0025845864661654134,1,0.00023496240601503758,0.0,0.0007048872180451127,1,0.00023496240601503758,0.0,0.0007048872180451127,1,3483,455,-435,-435.0,1,0,0
speed5|band1|scr0,5.0,1.0,45000000.0,0.0,PAMF-H1-K8-G8,4256,25,0.0058740601503759395,0.002819548872180451,0.009398496240601503,7,0.001644736842105263,0.00046992481203007516,0.003289473684210526,5,0.001174812030075188,0.00023496240601503758,0.002349624060150376,7,10129,3299,878,125.42857142857143,2,0,5
speed5|band1|scr0,5.0,1.0,45000000.0,0.0,P-ANMF1-N16,4256,1421,0.3338815789473684,0.2760808270676692,0.38839285714285715,1416,0.33270676691729323,0.2751351033834587,0.3869889567669172,1409,0.331062030075188,0.27326127819548873,0.3855733082706767,1416,411963,409831,-306684,-216.58474576271186,1272,4,140
speed5|band1|scr10,5.0,1.0,45000000.0,10.0,IN-G0,4256,39,0.009163533834586466,0.004934210526315789,0.01362781954887218,19,0.004464285714285714,0.0021146616541353382,0.00681390977443609,12,0.002819548872180451,0.001174812030075188,0.004699248120300752,19,20620,10471,-769,-40.473684210526315,12,0,7
speed5|band1|scr10,5.0,1.0,45000000.0,10.0,CA-G0,4256,14,0.003289473684210526,0.001644736842105263,0.004934210526315789,5,0.001174812030075188,0.00023496240601503758,0.002349624060150376,5,0.001174812030075188,0.00023496240601503758,0.002349624060150376,5,8142,3410,1337,267.4,1,0,4
speed5|band1|scr10,5.0,1.0,45000000.0,10.0,OS8-G0,4256,1,0.00023496240601503758,0.0,0.0007048872180451127,0,0.0,0.0,0.0,0,0.0,0.0,0.0,0,269,0,0,,0,0,0
speed5|band1|scr10,5.0,1.0,45000000.0,10.0,IN-G8,4256,39,0.009163533834586466,0.004699248120300752,0.014097744360902255,16,0.0037593984962406013,0.001644736842105263,0.006109022556390977,10,0.002349624060150376,0.00046992481203007516,0.004699248120300752,16,20221,8600,-1312,-82.0,10,0,6
speed5|band1|scr10,5.0,1.0,45000000.0,10.0,CA-G8,4256,6,0.0014097744360902255,0.00023496240601503758,0.0030545112781954886,0,0.0,0.0,0.0,0,0.0,0.0,0.0,0,3673,0,0,,0,0,0
speed5|band1|scr10,5.0,1.0,45000000.0,10.0,OS8-G8,4256,0,0.0,0.0,0.0,0,0.0,0.0,0.0,0,0.0,0.0,0.0,0,0,0,0,,0,0,0
speed5|band1|scr10,5.0,1.0,45000000.0,10.0,PAMF-H1-K8-G8,4256,26,0.006109022556390977,0.002819548872180451,0.009868421052631578,11,0.0025845864661654134,0.0009398496240601503,0.004464285714285714,11,0.0025845864661654134,0.0009398496240601503,0.004464285714285714,11,11841,5350,861,78.27272727272727,4,0,7
speed5|band1|scr10,5.0,1.0,45000000.0,10.0,P-ANMF1-N16,4256,3444,0.8092105263157895,0.7509398496240601,0.860438204887218,3444,0.8092105263157895,0.7509398496240601,0.860438204887218,3431,0.8061560150375939,0.7483552631578947,0.856437969924812,3444,542421,542935,-1215027,-352.7952961672474,3353,0,91
speed5|band1|scr20,5.0,1.0,45000000.0,20.0,IN-G0,4256,18,0.0042293233082706765,0.0021146616541353382,0.006343984962406015,5,0.001174812030075188,0.00023496240601503758,0.002349624060150376,4,0.0009398496240601503,0.0,0.0021146616541353382,5,11323,2903,325,65.0,2,0,3
speed5|band1|scr20,5.0,1.0,45000000.0,20.0,CA-G0,4256,4,0.0009398496240601503,0.0,0.0021146616541353382,2,0.00046992481203007516,0.0,0.001174812030075188,2,0.00046992481203007516,0.0,0.001174812030075188,2,802,286,-1046,-523.0,2,0,0
speed5|band1|scr20,5.0,1.0,45000000.0,20.0,OS8-G0,4256,0,0.0,0.0,0.0,0,0.0,0.0,0.0,0,0.0,0.0,0.0,0,0,0,0,,0,0,0
speed5|band1|scr20,5.0,1.0,45000000.0,20.0,IN-G8,4256,25,0.0058740601503759395,0.003289473684210526,0.008928571428571428,10,0.002349624060150376,0.0007048872180451127,0.0042293233082706765,9,0.0021146616541353382,0.00046992481203007516,0.003994360902255639,10,11728,3229,-2262,-226.2,7,0,3
speed5|band1|scr20,5.0,1.0,45000000.0,20.0,CA-G8,4256,2,0.00046992481203007516,0.0,0.0014097744360902255,0,0.0,0.0,0.0,0,0.0,0.0,0.0,0,1256,0,0,,0,0,0
speed5|band1|scr20,5.0,1.0,45000000.0,20.0,OS8-G8,4256,1,0.00023496240601503758,0.0,0.0007048872180451127,0,0.0,0.0,0.0,0,0.0,0.0,0.0,0,489,0,0,,0,0,0
speed5|band1|scr20,5.0,1.0,45000000.0,20.0,PAMF-H1-K8-G8,4256,87,0.02044172932330827,0.007048872180451127,0.0368890977443609,75,0.01762218045112782,0.005404135338345864,0.03265977443609023,67,0.01574248120300752,0.004934210526315789,0.0293703007518797,75,38641,37951,3169,42.25333333333333,34,0,41
speed5|band1|scr20,5.0,1.0,45000000.0,20.0,P-ANMF1-N16,4256,4117,0.9673402255639098,0.9468926221804511,0.9823778195488722,4117,0.9673402255639098,0.9468926221804511,0.9823778195488722,4011,0.9424342105263158,0.9236313439849624,0.9579417293233082,4117,184437,185569,-1920015,-466.3626427009959,4096,0,21
speed15|band0.5|scr0,15.0,0.5,22500000.0,0.0,IN-G0,4256,32,0.007518796992481203,0.003994360902255639,0.011278195488721804,7,0.001644736842105263,0.0007048872180451127,0.002819548872180451,4,0.0009398496240601503,0.00023496240601503758,0.001644736842105263,7,16825,4005,-38,-5.428571428571429,5,0,2
speed15|band0.5|scr0,15.0,0.5,22500000.0,0.0,CA-G0,4256,13,0.0030545112781954886,0.001644736842105263,0.004699248120300752,4,0.0009398496240601503,0.0,0.0021146616541353382,4,0.0009398496240601503,0.0,0.0021146616541353382,4,8144,1953,-322,-80.5,2,0,2
speed15|band0.5|scr0,15.0,0.5,22500000.0,0.0,OS8-G0,4256,2,0.00046992481203007516,0.0,0.0014097744360902255,0,0.0,0.0,0.0,0,0.0,0.0,0.0,0,1221,0,0,,0,0,0
speed15|band0.5|scr0,15.0,0.5,22500000.0,0.0,IN-G8,4256,33,0.00775375939849624,0.0042293233082706765,0.011278195488721804,5,0.001174812030075188,0.00046992481203007516,0.0021146616541353382,2,0.00046992481203007516,0.0,0.001174812030075188,5,16877,2655,-259,-51.8,3,0,2
speed15|band0.5|scr0,15.0,0.5,22500000.0,0.0,CA-G8,4256,6,0.0014097744360902255,0.00046992481203007516,0.0025845864661654134,1,0.00023496240601503758,0.0,0.0007048872180451127,1,0.00023496240601503758,0.0,0.0007048872180451127,1,2277,340,17,17.0,0,0,1
speed15|band0.5|scr0,15.0,0.5,22500000.0,0.0,OS8-G8,4256,1,0.00023496240601503758,0.0,0.0007048872180451127,0,0.0,0.0,0.0,0,0.0,0.0,0.0,0,740,0,0,,0,0,0
speed15|band0.5|scr0,15.0,0.5,22500000.0,0.0,PAMF-H1-K8-G8,4256,22,0.005169172932330827,0.002349624060150376,0.008458646616541353,1,0.00023496240601503758,0.0,0.0007048872180451127,1,0.00023496240601503758,0.0,0.0007048872180451127,1,7057,426,49,49.0,0,0,1
speed15|band0.5|scr0,15.0,0.5,22500000.0,0.0,P-ANMF1-N16,4256,225,0.05286654135338346,0.010808270676691729,0.10220864661654136,218,0.051221804511278196,0.00869360902255639,0.10056390977443609,216,0.05075187969924812,0.00869360902255639,0.09962406015037593,218,60607,56354,-55832,-256.11009174311926,176,1,41
speed15|band0.5|scr10,15.0,0.5,22500000.0,10.0,IN-G0,4256,14,0.003289473684210526,0.001644736842105263,0.005169172932330827,1,0.00023496240601503758,0.0,0.0007048872180451127,1,0.00023496240601503758,0.0,0.0007048872180451127,1,7820,440,-201,-201.0,1,0,0
speed15|band0.5|scr10,15.0,0.5,22500000.0,10.0,CA-G0,4256,8,0.0018796992481203006,0.0007048872180451127,0.0030545112781954886,3,0.0007048872180451127,0.0,0.0014097744360902255,3,0.0007048872180451127,0.0,0.0014097744360902255,3,5499,1990,77,25.666666666666668,1,0,2
speed15|band0.5|scr10,15.0,0.5,22500000.0,10.0,OS8-G0,4256,1,0.00023496240601503758,0.0,0.0007048872180451127,0,0.0,0.0,0.0,0,0.0,0.0,0.0,0,378,0,0,,0,0,0
speed15|band0.5|scr10,15.0,0.5,22500000.0,10.0,IN-G8,4256,28,0.006578947368421052,0.0037593984962406013,0.009868421052631578,1,0.00023496240601503758,0.0,0.0007048872180451127,1,0.00023496240601503758,0.0,0.0007048872180451127,1,13999,440,-201,-201.0,1,0,0
speed15|band0.5|scr10,15.0,0.5,22500000.0,10.0,CA-G8,4256,5,0.001174812030075188,0.00023496240601503758,0.002349624060150376,0,0.0,0.0,0.0,0,0.0,0.0,0.0,0,2651,0,0,,0,0,0
speed15|band0.5|scr10,15.0,0.5,22500000.0,10.0,OS8-G8,4256,1,0.00023496240601503758,0.0,0.0007048872180451127,0,0.0,0.0,0.0,0,0.0,0.0,0.0,0,740,0,0,,0,0,0
speed15|band0.5|scr10,15.0,0.5,22500000.0,10.0,PAMF-H1-K8-G8,4256,112,0.02631578947368421,0.00869360902255639,0.048637218045112784,0,0.0,0.0,0.0,0,0.0,0.0,0.0,0,38364,0,0,,0,0,0
speed15|band0.5|scr10,15.0,0.5,22500000.0,10.0,P-ANMF1-N16,4256,369,0.08670112781954888,0.013862781954887217,0.1776374530075187,345,0.08106203007518797,0.009163533834586466,0.17316729323308272,332,0.07800751879699248,0.00869360902255639,0.16658834586466165,345,66930,52636,-124046,-359.5536231884058,304,0,41
speed15|band0.5|scr20,15.0,0.5,22500000.0,20.0,IN-G0,4256,6,0.0014097744360902255,0.00046992481203007516,0.0025845864661654134,0,0.0,0.0,0.0,0,0.0,0.0,0.0,0,3359,0,0,,0,0,0
speed15|band0.5|scr20,15.0,0.5,22500000.0,20.0,CA-G0,4256,4,0.0009398496240601503,0.0,0.0021146616541353382,0,0.0,0.0,0.0,0,0.0,0.0,0.0,0,2174,0,0,,0,0,0
speed15|band0.5|scr20,15.0,0.5,22500000.0,20.0,OS8-G0,4256,1,0.00023496240601503758,0.0,0.0007048872180451127,0,0.0,0.0,0.0,0,0.0,0.0,0.0,0,873,0,0,,0,0,0
speed15|band0.5|scr20,15.0,0.5,22500000.0,20.0,IN-G8,4256,40,0.009398496240601503,0.002819548872180451,0.01738721804511278,0,0.0,0.0,0.0,0,0.0,0.0,0.0,0,18585,0,0,,0,0,0
speed15|band0.5|scr20,15.0,0.5,22500000.0,20.0,CA-G8,4256,2,0.00046992481203007516,0.0,0.0014097744360902255,0,0.0,0.0,0.0,0,0.0,0.0,0.0,0,1610,0,0,,0,0,0
speed15|band0.5|scr20,15.0,0.5,22500000.0,20.0,OS8-G8,4256,0,0.0,0.0,0.0,0,0.0,0.0,0.0,0,0.0,0.0,0.0,0,0,0,0,,0,0,0
speed15|band0.5|scr20,15.0,0.5,22500000.0,20.0,PAMF-H1-K8-G8,4256,601,0.1412124060150376,0.06742833646616542,0.22486489661654127,0,0.0,0.0,0.0,0,0.0,0.0,0.0,0,170034,0,0,,0,0,0
speed15|band0.5|scr20,15.0,0.5,22500000.0,20.0,P-ANMF1-N16,4256,377,0.08858082706766918,0.00963345864661654,0.19055451127819548,320,0.07518796992481203,0.0014097744360902255,0.17975211466165406,274,0.0643796992481203,0.0014097744360902255,0.15343045112781956,320,45600,19025,-148271,-463.346875,310,0,10
speed15|band1|scr0,15.0,1.0,45000000.0,0.0,IN-G0,4256,47,0.011043233082706766,0.005639097744360902,0.016917293233082706,21,0.004934210526315789,0.002349624060150376,0.00775375939849624,15,0.0035244360902255637,0.001644736842105263,0.005639097744360902,21,23302,11344,-273,-13.0,12,0,9
speed15|band1|scr0,15.0,1.0,45000000.0,0.0,CA-G0,4256,21,0.004934210526315789,0.002819548872180451,0.00681390977443609,10,0.002349624060150376,0.001174812030075188,0.0035244360902255637,9,0.0021146616541353382,0.0009398496240601503,0.003289473684210526,10,11497,4493,-861,-86.1,5,0,5
speed15|band1|scr0,15.0,1.0,45000000.0,0.0,OS8-G0,4256,4,0.0009398496240601503,0.00023496240601503758,0.001644736842105263,1,0.00023496240601503758,0.0,0.0007048872180451127,1,0.00023496240601503758,0.0,0.0007048872180451127,1,1870,530,188,188.0,0,0,1
speed15|band1|scr0,15.0,1.0,45000000.0,0.0,IN-G8,4256,52,0.012218045112781954,0.00681390977443609,0.017857142857142856,24,0.005639097744360902,0.0025845864661654134,0.009163533834586466,16,0.0037593984962406013,0.0018796992481203006,0.006109022556390977,24,23334,10900,-1309,-54.541666666666664,15,0,9
speed15|band1|scr0,15.0,1.0,45000000.0,0.0,CA-G8,4256,9,0.0021146616541353382,0.0007048872180451127,0.0035244360902255637,3,0.0007048872180451127,0.0,0.0014097744360902255,3,0.0007048872180451127,0.0,0.0014097744360902255,3,5004,1666,1,0.3333333333333333,2,0,1
speed15|band1|scr0,15.0,1.0,45000000.0,0.0,OS8-G8,4256,6,0.0014097744360902255,0.00046992481203007516,0.002349624060150376,2,0.00046992481203007516,0.0,0.001174812030075188,2,0.00046992481203007516,0.0,0.001174812030075188,2,3176,1512,553,276.5,0,0,2
speed15|band1|scr0,15.0,1.0,45000000.0,0.0,PAMF-H1-K8-G8,4256,69,0.016212406015037595,0.007048872180451127,0.027960526315789474,59,0.013862781954887217,0.004934210526315789,0.02537593984962406,55,0.012922932330827067,0.004464285714285714,0.023966165413533833,59,22853,19769,-6750,-114.40677966101696,40,0,19
speed15|band1|scr0,15.0,1.0,45000000.0,0.0,P-ANMF1-N16,4256,175,0.04111842105263158,0.006109022556390977,0.08787593984962407,167,0.03923872180451128,0.003994360902255639,0.08576127819548872,163,0.03829887218045113,0.003994360902255639,0.08341165413533834,167,51291,46606,-40012,-239.59281437125748,136,1,30
speed15|band1|scr10,15.0,1.0,45000000.0,10.0,IN-G0,4256,23,0.005404135338345864,0.002349624060150376,0.00869360902255639,8,0.0018796992481203006,0.00023496240601503758,0.003994360902255639,7,0.001644736842105263,0.00023496240601503758,0.003289473684210526,8,11767,3583,-773,-96.625,6,0,2
speed15|band1|scr10,15.0,1.0,45000000.0,10.0,CA-G0,4256,17,0.003994360902255639,0.0021146616541353382,0.0058740601503759395,7,0.001644736842105263,0.00046992481203007516,0.0030545112781954886,7,0.001644736842105263,0.00046992481203007516,0.0030545112781954886,7,10470,4139,310,44.285714285714285,3,0,4
speed15|band1|scr10,15.0,1.0,45000000.0,10.0,OS8-G0,4256,2,0.00046992481203007516,0.0,0.001174812030075188,1,0.00023496240601503758,0.0,0.0007048872180451127,1,0.00023496240601503758,0.0,0.0007048872180451127,1,1254,530,188,188.0,0,0,1
speed15|band1|scr10,15.0,1.0,45000000.0,10.0,IN-G8,4256,70,0.01644736842105263,0.008223684210526315,0.026080827067669173,46,0.010808270676691729,0.004464285714285714,0.01762218045112782,41,0.00963345864661654,0.003994360902255639,0.015977443609022556,46,34866,23433,-2744,-59.65217391304348,25,0,21
speed15|band1|scr10,15.0,1.0,45000000.0,10.0,CA-G8,4256,5,0.001174812030075188,0.00023496240601503758,0.002349624060150376,0,0.0,0.0,0.0,0,0.0,0.0,0.0,0,2689,0,0,,0,0,0
speed15|band1|scr10,15.0,1.0,45000000.0,10.0,OS8-G8,4256,3,0.0007048872180451127,0.0,0.0014097744360902255,0,0.0,0.0,0.0,0,0.0,0.0,0.0,0,898,0,0,,0,0,0
speed15|band1|scr10,15.0,1.0,45000000.0,10.0,PAMF-H1-K8-G8,4256,458,0.10761278195488722,0.05404135338345865,0.16847391917293225,453,0.10643796992481203,0.053336466165413536,0.16682330827067668,411,0.09656954887218046,0.04887218045112782,0.15084586466165414,453,133015,138621,-93266,-205.8852097130243,353,0,100
speed15|band1|scr10,15.0,1.0,45000000.0,10.0,P-ANMF1-N16,4256,313,0.07354323308270677,0.0058740601503759395,0.16611842105263158,307,0.07213345864661654,0.004464285714285714,0.1649436090225564,302,0.07095864661654136,0.004464285714285714,0.16212406015037595,307,58212,54807,-104258,-339.6026058631922,280,0,27
speed15|band1|scr20,15.0,1.0,45000000.0,20.0,IN-G0,4256,15,0.0035244360902255637,0.001644736842105263,0.005639097744360902,4,0.0009398496240601503,0.00023496240601503758,0.001644736842105263,4,0.0009398496240601503,0.00023496240601503758,0.001644736842105263,4,7614,2082,-430,-107.5,3,0,1
speed15|band1|scr20,15.0,1.0,45000000.0,20.0,CA-G0,4256,12,0.002819548872180451,0.001644736842105263,0.0042293233082706765,4,0.0009398496240601503,0.00023496240601503758,0.001644736842105263,4,0.0009398496240601503,0.00023496240601503758,0.001644736842105263,4,7162,2481,442,110.5,1,0,3
speed15|band1|scr20,15.0,1.0,45000000.0,20.0,OS8-G0,4256,2,0.00046992481203007516,0.0,0.001174812030075188,1,0.00023496240601503758,0.0,0.0007048872180451127,1,0.00023496240601503758,0.0,0.0007048872180451127,1,1234,361,188,188.0,0,0,1
speed15|band1|scr20,15.0,1.0,45000000.0,20.0,IN-G8,4256,128,0.03007518796992481,0.010573308270676691,0.053336466165413536,81,0.019031954887218046,0.005169172932330827,0.03665413533834586,76,0.017857142857142856,0.004934210526315789,0.03406954887218045,81,53240,34785,-8100,-100.0,49,0,32
speed15|band1|scr20,15.0,1.0,45000000.0,20.0,CA-G8,4256,4,0.0009398496240601503,0.0,0.0021146616541353382,0,0.0,0.0,0.0,0,0.0,0.0,0.0,0,2202,0,0,,0,0,0
speed15|band1|scr20,15.0,1.0,45000000.0,20.0,OS8-G8,4256,0,0.0,0.0,0.0,0,0.0,0.0,0.0,0,0.0,0.0,0.0,0,0,0,0,,0,0,0
speed15|band1|scr20,15.0,1.0,45000000.0,20.0,PAMF-H1-K8-G8,4256,1230,0.28900375939849626,0.17575187969924813,0.41000939849624063,1214,0.28524436090225563,0.17221569548872181,0.40671992481203006,917,0.21546052631578946,0.13275375939849623,0.30217340225563893,1214,280346,318753,-320672,-264.14497528830316,1021,0,193
speed15|band1|scr20,15.0,1.0,45000000.0,20.0,P-ANMF1-N16,4256,361,0.08482142857142858,0.007518796992481203,0.1875,332,0.07800751879699248,0.0018796992481203006,0.17929981203007483,277,0.06508458646616541,0.0018796992481203006,0.14943609022556392,332,48519,36024,-138443,-416.9969879518072,319,0,13
