condition,radial_speed_m_s,bandwidth_fraction,effective_bandwidth_hz,scr_db,endpoint,endpoint_role,reference_method,comparator_method,acquisitions,probability_difference,cluster_ci_lower,cluster_ci_upper
speed-15|band0.5|scr0,-15.0,0.5,22500000.0,0.0,any,primary,IN-G8,IN-G0,4256,0.0,-0.001644736842105263,0.0014097744360902255
speed-15|band0.5|scr0,-15.0,0.5,22500000.0,0.0,local,secondary,IN-G8,IN-G0,4256,0.00023496240601503758,-0.0007048872180451127,0.001174812030075188
speed-15|band0.5|scr0,-15.0,0.5,22500000.0,0.0,first_is_local,secondary,IN-G8,IN-G0,4256,0.0,-0.0007048872180451127,0.0007048872180451127
speed-15|band0.5|scr0,-15.0,0.5,22500000.0,0.0,any,primary,IN-G8,CA-G0,4256,0.004934210526315789,0.0007048872180451127,0.009163533834586466
speed-15|band0.5|scr0,-15.0,0.5,22500000.0,0.0,local,secondary,IN-G8,CA-G0,4256,0.0018796992481203006,0.0,0.003994360902255639
speed-15|band0.5|scr0,-15.0,0.5,22500000.0,0.0,first_is_local,secondary,IN-G8,CA-G0,4256,0.0009398496240601503,-0.00023496240601503758,0.0021146616541353382
speed-15|band0.5|scr0,-15.0,0.5,22500000.0,0.0,any,primary,IN-G8,OS8-G0,4256,0.006578947368421052,0.003289473684210526,0.010103383458646616
speed-15|band0.5|scr0,-15.0,0.5,22500000.0,0.0,local,secondary,IN-G8,OS8-G0,4256,0.002349624060150376,0.0009398496240601503,0.003994360902255639
speed-15|band0.5|scr0,-15.0,0.5,22500000.0,0.0,first_is_local,secondary,IN-G8,OS8-G0,4256,0.001174812030075188,0.0,0.002349624060150376
speed-15|band0.5|scr0,-15.0,0.5,22500000.0,0.0,any,primary,IN-G8,CA-G8,4256,0.005404135338345864,0.0018796992481203006,0.009398496240601503
speed-15|band0.5|scr0,-15.0,0.5,22500000.0,0.0,local,secondary,IN-G8,CA-G8,4256,0.0021146616541353382,0.00046992481203007516,0.003994360902255639
speed-15|band0.5|scr0,-15.0,0.5,22500000.0,0.0,first_is_local,secondary,IN-G8,CA-G8,4256,0.0009398496240601503,-0.00023496240601503758,0.0021146616541353382
speed-15|band0.5|scr0,-15.0,0.5,22500000.0,0.0,any,primary,IN-G8,OS8-G8,4256,0.006578947368421052,0.002819548872180451,0.010808270676691729
speed-15|band0.5|scr0,-15.0,0.5,22500000.0,0.0,local,secondary,IN-G8,OS8-G8,4256,0.0025845864661654134,0.0009398496240601503,0.0042293233082706765
speed-15|band0.5|scr0,-15.0,0.5,22500000.0,0.0,first_is_local,secondary,IN-G8,OS8-G8,4256,0.0014097744360902255,0.00046992481203007516,0.0025845864661654134
speed-15|band0.5|scr0,-15.0,0.5,22500000.0,0.0,any,primary,IN-G8,PAMF-H1-K8-G8,4256,0.0042293233082706765,0.001174812030075188,0.00775375939849624
speed-15|band0.5|scr0,-15.0,0.5,22500000.0,0.0,local,secondary,IN-G8,PAMF-H1-K8-G8,4256,0.0018796992481203006,0.00046992481203007516,0.003289473684210526
speed-15|band0.5|scr0,-15.0,0.5,22500000.0,0.0,first_is_local,secondary,IN-G8,PAMF-H1-K8-G8,4256,0.0009398496240601503,0.00023496240601503758,0.001644736842105263
speed-15|band0.5|scr0,-15.0,0.5,22500000.0,0.0,any,primary,IN-G8,P-ANMF1-N16,4256,-0.021146616541353382,-0.052631578947368425,0.0021146616541353382
speed-15|band0.5|scr0,-15.0,0.5,22500000.0,0.0,local,secondary,IN-G8,P-ANMF1-N16,4256,-0.02443609022556391,-0.05568609022556391,-0.001174812030075188
speed-15|band0.5|scr0,-15.0,0.5,22500000.0,0.0,first_is_local,secondary,IN-G8,P-ANMF1-N16,4256,-0.025610902255639098,-0.05733082706766917,-0.0021146616541353382
speed-15|band0.5|scr10,-15.0,0.5,22500000.0,10.0,any,primary,IN-G8,IN-G0,4256,0.0009398496240601503,-0.00023496240601503758,0.002349624060150376
speed-15|band0.5|scr10,-15.0,0.5,22500000.0,10.0,local,secondary,IN-G8,IN-G0,4256,0.00023496240601503758,0.0,0.0007048872180451127
speed-15|band0.5|scr10,-15.0,0.5,22500000.0,10.0,first_is_local,secondary,IN-G8,IN-G0,4256,0.00046992481203007516,0.0,0.001174812030075188
speed-15|band0.5|scr10,-15.0,0.5,22500000.0,10.0,any,primary,IN-G8,CA-G0,4256,0.004464285714285714,0.0018796992481203006,0.007283834586466165
speed-15|band0.5|scr10,-15.0,0.5,22500000.0,10.0,local,secondary,IN-G8,CA-G0,4256,0.0014097744360902255,0.0007048872180451127,0.002349624060150376
speed-15|band0.5|scr10,-15.0,0.5,22500000.0,10.0,first_is_local,secondary,IN-G8,CA-G0,4256,0.001174812030075188,0.00046992481203007516,0.0021146616541353382
speed-15|band0.5|scr10,-15.0,0.5,22500000.0,10.0,any,primary,IN-G8,OS8-G0,4256,0.005404135338345864,0.002819548872180451,0.008229558270676606
speed-15|band0.5|scr10,-15.0,0.5,22500000.0,10.0,local,secondary,IN-G8,OS8-G0,4256,0.0014097744360902255,0.0007048872180451127,0.002349624060150376
speed-15|band0.5|scr10,-15.0,0.5,22500000.0,10.0,first_is_local,secondary,IN-G8,OS8-G0,4256,0.001174812030075188,0.00046992481203007516,0.0021146616541353382
speed-15|band0.5|scr10,-15.0,0.5,22500000.0,10.0,any,primary,IN-G8,CA-G8,4256,0.005639097744360902,0.0030545112781954886,0.008458646616541353
speed-15|band0.5|scr10,-15.0,0.5,22500000.0,10.0,local,secondary,IN-G8,CA-G8,4256,0.0014097744360902255,0.0007048872180451127,0.002349624060150376
speed-15|band0.5|scr10,-15.0,0.5,22500000.0,10.0,first_is_local,secondary,IN-G8,CA-G8,4256,0.001174812030075188,0.00046992481203007516,0.0021146616541353382
speed-15|band0.5|scr10,-15.0,0.5,22500000.0,10.0,any,primary,IN-G8,OS8-G8,4256,0.005404135338345864,0.0025845864661654134,0.008458646616541353
speed-15|band0.5|scr10,-15.0,0.5,22500000.0,10.0,local,secondary,IN-G8,OS8-G8,4256,0.0014097744360902255,0.0007048872180451127,0.002349624060150376
speed-15|band0.5|scr10,-15.0,0.5,22500000.0,10.0,first_is_local,secondary,IN-G8,OS8-G8,4256,0.001174812030075188,0.00046992481203007516,0.0021146616541353382
speed-15|band0.5|scr10,-15.0,0.5,22500000.0,10.0,any,primary,IN-G8,PAMF-H1-K8-G8,4256,-0.007988721804511278,-0.020676691729323307,0.0014097744360902255
speed-15|band0.5|scr10,-15.0,0.5,22500000.0,10.0,local,secondary,IN-G8,PAMF-H1-K8-G8,4256,0.001174812030075188,0.00046992481203007516,0.0021146616541353382
speed-15|band0.5|scr10,-15.0,0.5,22500000.0,10.0,first_is_local,secondary,IN-G8,PAMF-H1-K8-G8,4256,0.0009398496240601503,0.00023496240601503758,0.001644736842105263
speed-15|band0.5|scr10,-15.0,0.5,22500000.0,10.0,any,primary,IN-G8,P-ANMF1-N16,4256,-0.06273496240601503,-0.14309210526315788,-0.002819548872180451
speed-15|band0.5|scr10,-15.0,0.5,22500000.0,10.0,local,secondary,IN-G8,P-ANMF1-N16,4256,-0.06273496240601503,-0.14614661654135339,-0.002819548872180451
speed-15|band0.5|scr10,-15.0,0.5,22500000.0,10.0,first_is_local,secondary,IN-G8,P-ANMF1-N16,4256,-0.06179511278195489,-0.14356203007518795,-0.002819548872180451
speed-15|band0.5|scr20,-15.0,0.5,22500000.0,20.0,any,primary,IN-G8,IN-G0,4256,0.004464285714285714,0.0009398496240601503,0.008928571428571428
speed-15|band0.5|scr20,-15.0,0.5,22500000.0,20.0,local,secondary,IN-G8,IN-G0,4256,0.0,0.0,0.0
speed-15|band0.5|scr20,-15.0,0.5,22500000.0,20.0,first_is_local,secondary,IN-G8,IN-G0,4256,0.0,0.0,0.0
speed-15|band0.5|scr20,-15.0,0.5,22500000.0,20.0,any,primary,IN-G8,CA-G0,4256,0.004699248120300752,0.001174812030075188,0.008928571428571428
speed-15|band0.5|scr20,-15.0,0.5,22500000.0,20.0,local,secondary,IN-G8,CA-G0,4256,0.00023496240601503758,0.0,0.0007048872180451127
speed-15|band0.5|scr20,-15.0,0.5,22500000.0,20.0,first_is_local,secondary,IN-G8,CA-G0,4256,0.00023496240601503758,0.0,0.0007048872180451127
speed-15|band0.5|scr20,-15.0,0.5,22500000.0,20.0,any,primary,IN-G8,OS8-G0,4256,0.0058740601503759395,0.0021146616541353382,0.010338345864661654
speed-15|band0.5|scr20,-15.0,0.5,22500000.0,20.0,local,secondary,IN-G8,OS8-G0,4256,0.00023496240601503758,0.0,0.0007048872180451127
speed-15|band0.5|scr20,-15.0,0.5,22500000.0,20.0,first_is_local,secondary,IN-G8,OS8-G0,4256,0.00023496240601503758,0.0,0.0007048872180451127
speed-15|band0.5|scr20,-15.0,0.5,22500000.0,20.0,any,primary,IN-G8,CA-G8,4256,0.006109022556390977,0.002349624060150376,0.010573308270676691
speed-15|band0.5|scr20,-15.0,0.5,22500000.0,20.0,local,secondary,IN-G8,CA-G8,4256,0.00023496240601503758,0.0,0.0007048872180451127
speed-15|band0.5|scr20,-15.0,0.5,22500000.0,20.0,first_is_local,secondary,IN-G8,CA-G8,4256,0.00023496240601503758,0.0,0.0007048872180451127
speed-15|band0.5|scr20,-15.0,0.5,22500000.0,20.0,any,primary,IN-G8,OS8-G8,4256,0.006109022556390977,0.002349624060150376,0.010573308270676691
speed-15|band0.5|scr20,-15.0,0.5,22500000.0,20.0,local,secondary,IN-G8,OS8-G8,4256,0.00023496240601503758,0.0,0.0007048872180451127
speed-15|band0.5|scr20,-15.0,0.5,22500000.0,20.0,first_is_local,secondary,IN-G8,OS8-G8,4256,0.00023496240601503758,0.0,0.0007048872180451127
speed-15|band0.5|scr20,-15.0,0.5,22500000.0,20.0,any,primary,IN-G8,PAMF-H1-K8-G8,4256,-0.09234022556390978,-0.16048519736842107,-0.03571428571428571
speed-15|band0.5|scr20,-15.0,0.5,22500000.0,20.0,local,secondary,IN-G8,PAMF-H1-K8-G8,4256,0.00023496240601503758,0.0,0.0007048872180451127
speed-15|band0.5|scr20,-15.0,0.5,22500000.0,20.0,first_is_local,secondary,IN-G8,PAMF-H1-K8-G8,4256,0.00023496240601503758,0.0,0.0007048872180451127
speed-15|band0.5|scr20,-15.0,0.5,22500000.0,20.0,any,primary,IN-G8,P-ANMF1-N16,4256,-0.07354323308270677,-0.17410714285714285,-0.0007048872180451127
speed-15|band0.5|scr20,-15.0,0.5,22500000.0,20.0,local,secondary,IN-G8,P-ANMF1-N16,4256,-0.07307330827067669,-0.17645676691729323,-0.0018796992481203006
speed-15|band0.5|scr20,-15.0,0.5,22500000.0,20.0,first_is_local,secondary,IN-G8,P-ANMF1-N16,4256,-0.06672932330827068,-0.1600093984962406,-0.0018796992481203006
speed-15|band1|scr0,-15.0,1.0,45000000.0,0.0,any,primary,IN-G8,IN-G0,4256,0.001174812030075188,-0.0009398496240601503,0.0035244360902255637
speed-15|band1|scr0,-15.0,1.0,45000000.0,0.0,local,secondary,IN-G8,IN-G0,4256,0.0018796992481203006,0.00023496240601503758,0.0037593984962406013
speed-15|band1|scr0,-15.0,1.0,45000000.0,0.0,first_is_local,secondary,IN-G8,IN-G0,4256,0.0009398496240601503,-0.0009398496240601503,0.0030545112781954886
speed-15|band1|scr0,-15.0,1.0,45000000.0,0.0,any,primary,IN-G8,CA-G0,4256,0.007988721804511278,0.0025845864661654134,0.013627819548872181
speed-15|band1|scr0,-15.0,1.0,45000000.0,0.0,local,secondary,IN-G8,CA-G0,4256,0.006109022556390977,0.0021146616541353382,0.010338345864661654
speed-15|band1|scr0,-15.0,1.0,45000000.0,0.0,first_is_local,secondary,IN-G8,CA-G0,4256,0.003994360902255639,0.0014097744360902255,0.007048872180451127
speed-15|band1|scr0,-15.0,1.0,45000000.0,0.0,any,primary,IN-G8,OS8-G0,4256,0.011278195488721804,0.0058740601503759395,0.016917293233082706
speed-15|band1|scr0,-15.0,1.0,45000000.0,0.0,local,secondary,IN-G8,OS8-G0,4256,0.007518796992481203,0.0037593984962406013,0.011513157894736841
speed-15|band1|scr0,-15.0,1.0,45000000.0,0.0,first_is_local,secondary,IN-G8,OS8-G0,4256,0.005169172932330827,0.0025845864661654134,0.007988721804511278
speed-15|band1|scr0,-15.0,1.0,45000000.0,0.0,any,primary,IN-G8,CA-G8,4256,0.009868421052631578,0.004464285714285714,0.015742481203007516
speed-15|band1|scr0,-15.0,1.0,45000000.0,0.0,local,secondary,IN-G8,CA-G8,4256,0.00681390977443609,0.0030545112781954886,0.010808270676691729
speed-15|band1|scr0,-15.0,1.0,45000000.0,0.0,first_is_local,secondary,IN-G8,CA-G8,4256,0.004464285714285714,0.001644736842105263,0.00775375939849624
speed-15|band1|scr0,-15.0,1.0,45000000.0,0.0,any,primary,IN-G8,OS8-G8,4256,0.011748120300751879,0.006343984962406015,0.017622180451127817
speed-15|band1|scr0,-15.0,1.0,45000000.0,0.0,local,secondary,IN-G8,OS8-G8,4256,0.00775375939849624,0.0037593984962406013,0.011983082706766917
speed-15|band1|scr0,-15.0,1.0,45000000.0,0.0,first_is_local,secondary,IN-G8,OS8-G8,4256,0.005404135338345864,0.0025845864661654134,0.008458646616541353
speed-15|band1|scr0,-15.0,1.0,45000000.0,0.0,any,primary,IN-G8,PAMF-H1-K8-G8,4256,0.0025845864661654134,-0.004464285714285714,0.009163533834586466
speed-15|band1|scr0,-15.0,1.0,45000000.0,0.0,local,secondary,IN-G8,PAMF-H1-K8-G8,4256,0.00046992481203007516,-0.0058740601503759395,0.006343984962406015
speed-15|band1|scr0,-15.0,1.0,45000000.0,0.0,first_is_local,secondary,IN-G8,PAMF-H1-K8-G8,4256,-0.001174812030075188,-0.007518796992481203,0.004464285714285714
speed-15|band1|scr0,-15.0,1.0,45000000.0,0.0,any,primary,IN-G8,P-ANMF1-N16,4256,-0.012218045112781954,-0.042293233082706765,0.009639332706766831
speed-15|band1|scr0,-15.0,1.0,45000000.0,0.0,local,secondary,IN-G8,P-ANMF1-N16,4256,-0.01456766917293233,-0.04464285714285714,0.006349859022556305
speed-15|band1|scr0,-15.0,1.0,45000000.0,0.0,first_is_local,secondary,IN-G8,P-ANMF1-N16,4256,-0.016917293233082706,-0.046522556390977444,0.004464285714285714
speed-15|band1|scr10,-15.0,1.0,45000000.0,10.0,any,primary,IN-G8,IN-G0,4256,0.005169172932330827,0.00023496240601503758,0.011043233082706768
speed-15|band1|scr10,-15.0,1.0,45000000.0,10.0,local,secondary,IN-G8,IN-G0,4256,0.004934210526315789,0.00046992481203007516,0.010338345864661654
speed-15|band1|scr10,-15.0,1.0,45000000.0,10.0,first_is_local,secondary,IN-G8,IN-G0,4256,0.004699248120300752,0.00023496240601503758,0.010103383458646616
speed-15|band1|scr10,-15.0,1.0,45000000.0,10.0,any,primary,IN-G8,CA-G0,4256,0.008458646616541353,0.0021146616541353382,0.015272556390977444
speed-15|band1|scr10,-15.0,1.0,45000000.0,10.0,local,secondary,IN-G8,CA-G0,4256,0.006343984962406015,0.001174812030075188,0.01268796992481203
speed-15|band1|scr10,-15.0,1.0,45000000.0,10.0,first_is_local,secondary,IN-G8,CA-G0,4256,0.005639097744360902,0.00046992481203007516,0.011983082706766917
speed-15|band1|scr10,-15.0,1.0,45000000.0,10.0,any,primary,IN-G8,OS8-G0,4256,0.011983082706766917,0.0058740601503759395,0.018796992481203006
speed-15|band1|scr10,-15.0,1.0,45000000.0,10.0,local,secondary,IN-G8,OS8-G0,4256,0.00775375939849624,0.0025845864661654134,0.013868656015037508
speed-15|band1|scr10,-15.0,1.0,45000000.0,10.0,first_is_local,secondary,IN-G8,OS8-G0,4256,0.00681390977443609,0.001644736842105263,0.013157894736842105
speed-15|band1|scr10,-15.0,1.0,45000000.0,10.0,any,primary,IN-G8,CA-G8,4256,0.011983082706766917,0.0058740601503759395,0.018802866541353297
speed-15|band1|scr10,-15.0,1.0,45000000.0,10.0,local,secondary,IN-G8,CA-G8,4256,0.007518796992481203,0.002349624060150376,0.013862781954887217
speed-15|band1|scr10,-15.0,1.0,45000000.0,10.0,first_is_local,secondary,IN-G8,CA-G8,4256,0.006578947368421052,0.0014097744360902255,0.012922932330827067
speed-15|band1|scr10,-15.0,1.0,45000000.0,10.0,any,primary,IN-G8,OS8-G8,4256,0.012218045112781954,0.006109022556390977,0.01926691729323308
speed-15|band1|scr10,-15.0,1.0,45000000.0,10.0,local,secondary,IN-G8,OS8-G8,4256,0.00775375939849624,0.0025845864661654134,0.013868656015037508
speed-15|band1|scr10,-15.0,1.0,45000000.0,10.0,first_is_local,secondary,IN-G8,OS8-G8,4256,0.00681390977443609,0.001644736842105263,0.013157894736842105
speed-15|band1|scr10,-15.0,1.0,45000000.0,10.0,any,primary,IN-G8,PAMF-H1-K8-G8,4256,-0.0587406015037594,-0.10267857142857142,-0.022086466165413536
speed-15|band1|scr10,-15.0,1.0,45000000.0,10.0,local,secondary,IN-G8,PAMF-H1-K8-G8,4256,-0.06179511278195489,-0.10643796992481203,-0.023966165413533837
speed-15|band1|scr10,-15.0,1.0,45000000.0,10.0,first_is_local,secondary,IN-G8,PAMF-H1-K8-G8,4256,-0.0587406015037594,-0.10127467105263158,-0.022791353383458647
speed-15|band1|scr10,-15.0,1.0,45000000.0,10.0,any,primary,IN-G8,P-ANMF1-N16,4256,-0.048167293233082706,-0.12969924812030073,0.00963345864661654
speed-15|band1|scr10,-15.0,1.0,45000000.0,10.0,local,secondary,IN-G8,P-ANMF1-N16,4256,-0.05192669172932331,-0.13416353383458646,0.0058740601503759395
speed-15|band1|scr10,-15.0,1.0,45000000.0,10.0,first_is_local,secondary,IN-G8,P-ANMF1-N16,4256,-0.052161654135338346,-0.13392857142857142,0.005404135338345864
speed-15|band1|scr20,-15.0,1.0,45000000.0,20.0,any,primary,IN-G8,IN-G0,4256,0.016917293233082706,0.004934210526315789,0.03148496240601503
speed-15|band1|scr20,-15.0,1.0,45000000.0,20.0,local,secondary,IN-G8,IN-G0,4256,0.013157894736842105,0.003988486842105269,0.02443609022556391
speed-15|band1|scr20,-15.0,1.0,45000000.0,20.0,first_is_local,secondary,IN-G8,IN-G0,4256,0.012922932330827067,0.003988486842105269,0.023731203007518797
speed-15|band1|scr20,-15.0,1.0,45000000.0,20.0,any,primary,IN-G8,CA-G0,4256,0.017857142857142856,0.004934210526315789,0.03336466165413534
speed-15|band1|scr20,-15.0,1.0,45000000.0,20.0,local,secondary,IN-G8,CA-G0,4256,0.013862781954887217,0.0042293233082706765,0.02537593984962406
speed-15|band1|scr20,-15.0,1.0,45000000.0,20.0,first_is_local,secondary,IN-G8,CA-G0,4256,0.013392857142857142,0.0042293233082706765,0.02443609022556391
speed-15|band1|scr20,-15.0,1.0,45000000.0,20.0,any,primary,IN-G8,OS8-G0,4256,0.01950187969924812,0.006578947368421052,0.03477443609022556
speed-15|band1|scr20,-15.0,1.0,45000000.0,20.0,local,secondary,IN-G8,OS8-G0,4256,0.013862781954887217,0.003994360902255639,0.02537593984962406
speed-15|band1|scr20,-15.0,1.0,45000000.0,20.0,first_is_local,secondary,IN-G8,OS8-G0,4256,0.013392857142857142,0.003994360902255639,0.024671052631578948
speed-15|band1|scr20,-15.0,1.0,45000000.0,20.0,any,primary,IN-G8,CA-G8,4256,0.020206766917293232,0.007518796992481203,0.03524436090225564
speed-15|band1|scr20,-15.0,1.0,45000000.0,20.0,local,secondary,IN-G8,CA-G8,4256,0.014332706766917292,0.004699248120300752,0.025845864661654134
speed-15|band1|scr20,-15.0,1.0,45000000.0,20.0,first_is_local,secondary,IN-G8,CA-G8,4256,0.013862781954887217,0.004464285714285714,0.024906015037593984
speed-15|band1|scr20,-15.0,1.0,45000000.0,20.0,any,primary,IN-G8,OS8-G8,4256,0.019971804511278196,0.007048872180451127,0.03501527255639089
speed-15|band1|scr20,-15.0,1.0,45000000.0,20.0,local,secondary,IN-G8,OS8-G8,4256,0.014332706766917292,0.004699248120300752,0.025845864661654134
speed-15|band1|scr20,-15.0,1.0,45000000.0,20.0,first_is_local,secondary,IN-G8,OS8-G8,4256,0.013862781954887217,0.004464285714285714,0.024906015037593984
speed-15|band1|scr20,-15.0,1.0,45000000.0,20.0,any,primary,IN-G8,PAMF-H1-K8-G8,4256,-0.20888157894736842,-0.3082706766917293,-0.11630639097744362
speed-15|band1|scr20,-15.0,1.0,45000000.0,20.0,local,secondary,IN-G8,PAMF-H1-K8-G8,4256,-0.21358082706766918,-0.31531954887218044,-0.11889097744360903
speed-15|band1|scr20,-15.0,1.0,45000000.0,20.0,first_is_local,secondary,IN-G8,PAMF-H1-K8-G8,4256,-0.17034774436090225,-0.24765037593984962,-0.09774436090225563
speed-15|band1|scr20,-15.0,1.0,45000000.0,20.0,any,primary,IN-G8,P-ANMF1-N16,4256,-0.05639097744360902,-0.1543761748120301,0.014802631578947366
speed-15|band1|scr20,-15.0,1.0,45000000.0,20.0,local,secondary,IN-G8,P-ANMF1-N16,4256,-0.05803571428571429,-0.1581296992481203,0.012922932330827067
speed-15|band1|scr20,-15.0,1.0,45000000.0,20.0,first_is_local,secondary,IN-G8,P-ANMF1-N16,4256,-0.05075187969924812,-0.1395676691729323,0.012453007518796994
speed-5|band0.5|scr0,-5.0,0.5,22500000.0,0.0,any,primary,IN-G8,IN-G0,4256,0.0030545112781954886,-0.00023496240601503758,0.007283834586466165
speed-5|band0.5|scr0,-5.0,0.5,22500000.0,0.0,local,secondary,IN-G8,IN-G0,4256,0.0018796992481203006,-0.00023496240601503758,0.004699248120300752
speed-5|band0.5|scr0,-5.0,0.5,22500000.0,0.0,first_is_local,secondary,IN-G8,IN-G0,4256,0.0025845864661654134,0.0,0.005639097744360902
speed-5|band0.5|scr0,-5.0,0.5,22500000.0,0.0,any,primary,IN-G8,CA-G0,4256,0.009868421052631578,0.003289473684210526,0.01668233082706767
speed-5|band0.5|scr0,-5.0,0.5,22500000.0,0.0,local,secondary,IN-G8,CA-G0,4256,0.00869360902255639,0.0042293233082706765,0.013392857142857142
speed-5|band0.5|scr0,-5.0,0.5,22500000.0,0.0,first_is_local,secondary,IN-G8,CA-G0,4256,0.0058740601503759395,0.0025845864661654134,0.009163533834586466
speed-5|band0.5|scr0,-5.0,0.5,22500000.0,0.0,any,primary,IN-G8,OS8-G0,4256,0.00775375939849624,-0.00023496240601503758,0.015977443609022556
speed-5|band0.5|scr0,-5.0,0.5,22500000.0,0.0,local,secondary,IN-G8,OS8-G0,4256,0.004934210526315789,-0.0007048872180451127,0.010338345864661654
speed-5|band0.5|scr0,-5.0,0.5,22500000.0,0.0,first_is_local,secondary,IN-G8,OS8-G0,4256,0.0021146616541353382,-0.002819548872180451,0.006578947368421052
speed-5|band0.5|scr0,-5.0,0.5,22500000.0,0.0,any,primary,IN-G8,CA-G8,4256,0.010103383458646616,0.0021146616541353382,0.018327067669172935
speed-5|band0.5|scr0,-5.0,0.5,22500000.0,0.0,local,secondary,IN-G8,CA-G8,4256,0.007988721804511278,0.0025845864661654134,0.013392857142857144
speed-5|band0.5|scr0,-5.0,0.5,22500000.0,0.0,first_is_local,secondary,IN-G8,CA-G8,4256,0.005169172932330827,0.0007048872180451127,0.009398496240601503
speed-5|band0.5|scr0,-5.0,0.5,22500000.0,0.0,any,primary,IN-G8,OS8-G8,4256,0.012218045112781954,0.0042293233082706765,0.02044172932330827
speed-5|band0.5|scr0,-5.0,0.5,22500000.0,0.0,local,secondary,IN-G8,OS8-G8,4256,0.008458646616541353,0.003289473684210526,0.014097744360902255
speed-5|band0.5|scr0,-5.0,0.5,22500000.0,0.0,first_is_local,secondary,IN-G8,OS8-G8,4256,0.005639097744360902,0.0018796992481203006,0.00963345864661654
speed-5|band0.5|scr0,-5.0,0.5,22500000.0,0.0,any,primary,IN-G8,PAMF-H1-K8-G8,4256,0.004699248120300752,-0.001644736842105263,0.011513157894736843
speed-5|band0.5|scr0,-5.0,0.5,22500000.0,0.0,local,secondary,IN-G8,PAMF-H1-K8-G8,4256,0.002819548872180451,-0.0021146616541353382,0.007988721804511278
speed-5|band0.5|scr0,-5.0,0.5,22500000.0,0.0,first_is_local,secondary,IN-G8,PAMF-H1-K8-G8,4256,0.0007048872180451127,-0.0030545112781954886,0.004464285714285714
speed-5|band0.5|scr0,-5.0,0.5,22500000.0,0.0,any,primary,IN-G8,P-ANMF1-N16,4256,-0.07965225563909774,-0.11724624060150377,-0.04464285714285715
speed-5|band0.5|scr0,-5.0,0.5,22500000.0,0.0,local,secondary,IN-G8,P-ANMF1-N16,4256,-0.08341165413533834,-0.1219454887218045,-0.04793233082706767
speed-5|band0.5|scr0,-5.0,0.5,22500000.0,0.0,first_is_local,secondary,IN-G8,P-ANMF1-N16,4256,-0.08576127819548872,-0.12453594924812031,-0.049812030075187974
speed-5|band0.5|scr10,-5.0,0.5,22500000.0,10.0,any,primary,IN-G8,IN-G0,4256,0.002349624060150376,0.00046992481203007516,0.004229323308270678
speed-5|band0.5|scr10,-5.0,0.5,22500000.0,10.0,local,secondary,IN-G8,IN-G0,4256,0.001644736842105263,0.00023496240601503758,0.0030545112781954886
speed-5|band0.5|scr10,-5.0,0.5,22500000.0,10.0,first_is_local,secondary,IN-G8,IN-G0,4256,0.0007048872180451127,-0.00046992481203007516,0.0021146616541353382
speed-5|band0.5|scr10,-5.0,0.5,22500000.0,10.0,any,primary,IN-G8,CA-G0,4256,0.008223684210526315,0.0021146616541353382,0.014802631578947368
speed-5|band0.5|scr10,-5.0,0.5,22500000.0,10.0,local,secondary,IN-G8,CA-G0,4256,0.006109022556390977,0.003289473684210526,0.009163533834586466
speed-5|band0.5|scr10,-5.0,0.5,22500000.0,10.0,first_is_local,secondary,IN-G8,CA-G0,4256,0.0037593984962406013,0.001644736842105263,0.006109022556390977
speed-5|band0.5|scr10,-5.0,0.5,22500000.0,10.0,any,primary,IN-G8,OS8-G0,4256,0.007283834586466165,0.001174812030075188,0.013392857142857142
speed-5|band0.5|scr10,-5.0,0.5,22500000.0,10.0,local,secondary,IN-G8,OS8-G0,4256,0.004934210526315789,0.001644736842105263,0.007988721804511278
speed-5|band0.5|scr10,-5.0,0.5,22500000.0,10.0,first_is_local,secondary,IN-G8,OS8-G0,4256,0.0025845864661654134,0.0,0.005169172932330827
speed-5|band0.5|scr10,-5.0,0.5,22500000.0,10.0,any,primary,IN-G8,CA-G8,4256,0.00869360902255639,0.0018796992481203006,0.015507518796992482
speed-5|band0.5|scr10,-5.0,0.5,22500000.0,10.0,local,secondary,IN-G8,CA-G8,4256,0.005639097744360902,0.002349624060150376,0.008928571428571428
speed-5|band0.5|scr10,-5.0,0.5,22500000.0,10.0,first_is_local,secondary,IN-G8,CA-G8,4256,0.003289473684210526,0.0009398496240601503,0.006109022556390977
speed-5|band0.5|scr10,-5.0,0.5,22500000.0,10.0,any,primary,IN-G8,OS8-G8,4256,0.00869360902255639,0.0018796992481203006,0.015507518796992482
speed-5|band0.5|scr10,-5.0,0.5,22500000.0,10.0,local,secondary,IN-G8,OS8-G8,4256,0.005169172932330827,0.0014097744360902255,0.00869360902255639
speed-5|band0.5|scr10,-5.0,0.5,22500000.0,10.0,first_is_local,secondary,IN-G8,OS8-G8,4256,0.002819548872180451,0.0,0.005639097744360902
speed-5|band0.5|scr10,-5.0,0.5,22500000.0,10.0,any,primary,IN-G8,PAMF-H1-K8-G8,4256,0.0030545112781954886,-0.0030545112781954886,0.009398496240601503
speed-5|band0.5|scr10,-5.0,0.5,22500000.0,10.0,local,secondary,IN-G8,PAMF-H1-K8-G8,4256,0.001644736842105263,-0.0018796992481203006,0.005169172932330827
speed-5|band0.5|scr10,-5.0,0.5,22500000.0,10.0,first_is_local,secondary,IN-G8,PAMF-H1-K8-G8,4256,0.00023496240601503758,-0.0030545112781954886,0.003289473684210526
speed-5|band0.5|scr10,-5.0,0.5,22500000.0,10.0,any,primary,IN-G8,P-ANMF1-N16,4256,-0.44971804511278196,-0.564626409774436,-0.3399847274436091
speed-5|band0.5|scr10,-5.0,0.5,22500000.0,10.0,local,secondary,IN-G8,P-ANMF1-N16,4256,-0.4546522556390977,-0.5707236842105263,-0.3439790883458647
speed-5|band0.5|scr10,-5.0,0.5,22500000.0,10.0,first_is_local,secondary,IN-G8,P-ANMF1-N16,4256,-0.45653195488721804,-0.5730733082706767,-0.3458587875939851
speed-5|band0.5|scr20,-5.0,0.5,22500000.0,20.0,any,primary,IN-G8,IN-G0,4256,0.001174812030075188,0.0,0.002349624060150376
speed-5|band0.5|scr20,-5.0,0.5,22500000.0,20.0,local,secondary,IN-G8,IN-G0,4256,0.0007048872180451127,0.0,0.0018796992481203006
speed-5|band0.5|scr20,-5.0,0.5,22500000.0,20.0,first_is_local,secondary,IN-G8,IN-G0,4256,0.00023496240601503758,-0.00046992481203007516,0.0009398496240601503
speed-5|band0.5|scr20,-5.0,0.5,22500000.0,20.0,any,primary,IN-G8,CA-G0,4256,0.006109022556390977,0.0025845864661654134,0.009868421052631578
speed-5|band0.5|scr20,-5.0,0.5,22500000.0,20.0,local,secondary,IN-G8,CA-G0,4256,0.001644736842105263,0.00023496240601503758,0.0030545112781954886
speed-5|band0.5|scr20,-5.0,0.5,22500000.0,20.0,first_is_local,secondary,IN-G8,CA-G0,4256,0.001174812030075188,0.00046992481203007516,0.0021146616541353382
speed-5|band0.5|scr20,-5.0,0.5,22500000.0,20.0,any,primary,IN-G8,OS8-G0,4256,0.005169172932330827,0.001174812030075188,0.009163533834586466
speed-5|band0.5|scr20,-5.0,0.5,22500000.0,20.0,local,secondary,IN-G8,OS8-G0,4256,0.001174812030075188,-0.00023496240601503758,0.002819548872180451
speed-5|band0.5|scr20,-5.0,0.5,22500000.0,20.0,first_is_local,secondary,IN-G8,OS8-G0,4256,0.00046992481203007516,-0.0007048872180451127,0.001644736842105263
speed-5|band0.5|scr20,-5.0,0.5,22500000.0,20.0,any,primary,IN-G8,CA-G8,4256,0.006109022556390977,0.0030545112781954886,0.009398496240601503
speed-5|band0.5|scr20,-5.0,0.5,22500000.0,20.0,local,secondary,IN-G8,CA-G8,4256,0.0018796992481203006,0.0007048872180451127,0.003289473684210526
speed-5|band0.5|scr20,-5.0,0.5,22500000.0,20.0,first_is_local,secondary,IN-G8,CA-G8,4256,0.001174812030075188,0.00046992481203007516,0.0021146616541353382
speed-5|band0.5|scr20,-5.0,0.5,22500000.0,20.0,any,primary,IN-G8,OS8-G8,4256,0.006578947368421052,0.003289473684210526,0.010103383458646616
speed-5|band0.5|scr20,-5.0,0.5,22500000.0,20.0,local,secondary,IN-G8,OS8-G8,4256,0.0018796992481203006,0.0007048872180451127,0.003289473684210526
speed-5|band0.5|scr20,-5.0,0.5,22500000.0,20.0,first_is_local,secondary,IN-G8,OS8-G8,4256,0.001174812030075188,0.00046992481203007516,0.0021146616541353382
speed-5|band0.5|scr20,-5.0,0.5,22500000.0,20.0,any,primary,IN-G8,PAMF-H1-K8-G8,4256,0.002349624060150376,-0.00046992481203007516,0.0058740601503759395
speed-5|band0.5|scr20,-5.0,0.5,22500000.0,20.0,local,secondary,IN-G8,PAMF-H1-K8-G8,4256,0.0007048872180451127,-0.00046992481203007516,0.0021146616541353382
speed-5|band0.5|scr20,-5.0,0.5,22500000.0,20.0,first_is_local,secondary,IN-G8,PAMF-H1-K8-G8,4256,0.00023496240601503758,-0.00046992481203007516,0.0009398496240601503
speed-5|band0.5|scr20,-5.0,0.5,22500000.0,20.0,any,primary,IN-G8,P-ANMF1-N16,4256,-0.8193139097744361,-0.8872180451127819,-0.7462406015037594
speed-5|band0.5|scr20,-5.0,0.5,22500000.0,20.0,local,secondary,IN-G8,P-ANMF1-N16,4256,-0.8247180451127819,-0.893327067669173,-0.7509339755639098
speed-5|band0.5|scr20,-5.0,0.5,22500000.0,20.0,first_is_local,secondary,IN-G8,P-ANMF1-N16,4256,-0.8233082706766918,-0.8916823308270676,-0.749765037593985
speed-5|band1|scr0,-5.0,1.0,45000000.0,0.0,any,primary,IN-G8,IN-G0,4256,-0.00023496240601503758,-0.0021146616541353365,0.0016447368421052613
speed-5|band1|scr0,-5.0,1.0,45000000.0,0.0,local,secondary,IN-G8,IN-G0,4256,0.00023496240601503758,-0.001174812030075188,0.0016447368421052648
speed-5|band1|scr0,-5.0,1.0,45000000.0,0.0,first_is_local,secondary,IN-G8,IN-G0,4256,0.00023496240601503758,-0.001174812030075188,0.001644736842105263
speed-5|band1|scr0,-5.0,1.0,45000000.0,0.0,any,primary,IN-G8,CA-G0,4256,0.00963345864661654,0.001174812030075188,0.01856203007518797
speed-5|band1|scr0,-5.0,1.0,45000000.0,0.0,local,secondary,IN-G8,CA-G0,4256,0.008458646616541353,0.001644736842105263,0.015977443609022556
speed-5|band1|scr0,-5.0,1.0,45000000.0,0.0,first_is_local,secondary,IN-G8,CA-G0,4256,0.005404135338345864,0.00023496240601503758,0.010573308270676691
speed-5|band1|scr0,-5.0,1.0,45000000.0,0.0,any,primary,IN-G8,OS8-G0,4256,0.0021146616541353382,-0.006109022556390979,0.011043233082706766
speed-5|band1|scr0,-5.0,1.0,45000000.0,0.0,local,secondary,IN-G8,OS8-G0,4256,0.0018796992481203006,-0.004470159774436086,0.009163533834586467
speed-5|band1|scr0,-5.0,1.0,45000000.0,0.0,first_is_local,secondary,IN-G8,OS8-G0,4256,-0.001174812030075188,-0.0058740601503759395,0.0037593984962406013
speed-5|band1|scr0,-5.0,1.0,45000000.0,0.0,any,primary,IN-G8,CA-G8,4256,0.008928571428571428,0.0014097744360902255,0.017387218045112784
speed-5|band1|scr0,-5.0,1.0,45000000.0,0.0,local,secondary,IN-G8,CA-G8,4256,0.007283834586466165,0.0014097744360902255,0.013862781954887217
speed-5|band1|scr0,-5.0,1.0,45000000.0,0.0,first_is_local,secondary,IN-G8,CA-G8,4256,0.0042293233082706765,-0.00023496240601503758,0.00869360902255639
speed-5|band1|scr0,-5.0,1.0,45000000.0,0.0,any,primary,IN-G8,OS8-G8,4256,0.011983082706766917,0.003994360902255639,0.020206766917293235
speed-5|band1|scr0,-5.0,1.0,45000000.0,0.0,local,secondary,IN-G8,OS8-G8,4256,0.009868421052631578,0.0037593984962406013,0.01644736842105263
speed-5|band1|scr0,-5.0,1.0,45000000.0,0.0,first_is_local,secondary,IN-G8,OS8-G8,4256,0.00681390977443609,0.0025787124060150427,0.011043233082706766
speed-5|band1|scr0,-5.0,1.0,45000000.0,0.0,any,primary,IN-G8,PAMF-H1-K8-G8,4256,0.0025845864661654134,-0.004699248120300752,0.010338345864661655
speed-5|band1|scr0,-5.0,1.0,45000000.0,0.0,local,secondary,IN-G8,PAMF-H1-K8-G8,4256,0.001644736842105263,-0.005169172932330827,0.009163533834586466
speed-5|band1|scr0,-5.0,1.0,45000000.0,0.0,first_is_local,secondary,IN-G8,PAMF-H1-K8-G8,4256,-0.0007048872180451127,-0.005639097744360902,0.004699248120300752
speed-5|band1|scr0,-5.0,1.0,45000000.0,0.0,any,primary,IN-G8,P-ANMF1-N16,4256,-0.06978383458646617,-0.10549812030075188,-0.03758811090225572
speed-5|band1|scr0,-5.0,1.0,45000000.0,0.0,local,secondary,IN-G8,P-ANMF1-N16,4256,-0.07166353383458647,-0.1069078947368421,-0.04040765977443617
speed-5|band1|scr0,-5.0,1.0,45000000.0,0.0,first_is_local,secondary,IN-G8,P-ANMF1-N16,4256,-0.07424812030075188,-0.11019736842105263,-0.04182330827067669
speed-5|band1|scr10,-5.0,1.0,45000000.0,10.0,any,primary,IN-G8,IN-G0,4256,0.00046992481203007516,-0.0014097744360902255,0.002819548872180451
speed-5|band1|scr10,-5.0,1.0,45000000.0,10.0,local,secondary,IN-G8,IN-G0,4256,0.0018796992481203006,0.0,0.003994360902255639
speed-5|band1|scr10,-5.0,1.0,45000000.0,10.0,first_is_local,secondary,IN-G8,IN-G0,4256,0.0018796992481203006,0.00023496240601503758,0.0037593984962406013
speed-5|band1|scr10,-5.0,1.0,45000000.0,10.0,any,primary,IN-G8,CA-G0,4256,0.008458646616541353,0.0018796992481203006,0.015507518796992482
speed-5|band1|scr10,-5.0,1.0,45000000.0,10.0,local,secondary,IN-G8,CA-G0,4256,0.007048872180451127,0.0021146616541353382,0.012218045112781954
speed-5|band1|scr10,-5.0,1.0,45000000.0,10.0,first_is_local,secondary,IN-G8,CA-G0,4256,0.004699248120300752,0.0007048872180451127,0.008928571428571428
speed-5|band1|scr10,-5.0,1.0,45000000.0,10.0,any,primary,IN-G8,OS8-G0,4256,0.002819548872180451,-0.004699248120300752,0.010573308270676691
speed-5|band1|scr10,-5.0,1.0,45000000.0,10.0,local,secondary,IN-G8,OS8-G0,4256,0.004934210526315789,0.00023496240601503758,0.009639332706766833
speed-5|band1|scr10,-5.0,1.0,45000000.0,10.0,first_is_local,secondary,IN-G8,OS8-G0,4256,0.0025845864661654134,-0.0014097744360902255,0.006343984962406015
speed-5|band1|scr10,-5.0,1.0,45000000.0,10.0,any,primary,IN-G8,CA-G8,4256,0.007988721804511278,0.0018796992481203006,0.014567669172932332
speed-5|band1|scr10,-5.0,1.0,45000000.0,10.0,local,secondary,IN-G8,CA-G8,4256,0.007048872180451127,0.0025845864661654134,0.011748120300751879
speed-5|band1|scr10,-5.0,1.0,45000000.0,10.0,first_is_local,secondary,IN-G8,CA-G8,4256,0.004699248120300752,0.001174812030075188,0.008223684210526315
speed-5|band1|scr10,-5.0,1.0,45000000.0,10.0,any,primary,IN-G8,OS8-G8,4256,0.009398496240601503,0.002349624060150376,0.01644736842105263
speed-5|band1|scr10,-5.0,1.0,45000000.0,10.0,local,secondary,IN-G8,OS8-G8,4256,0.00775375939849624,0.0025845864661654134,0.012922932330827067
speed-5|band1|scr10,-5.0,1.0,45000000.0,10.0,first_is_local,secondary,IN-G8,OS8-G8,4256,0.005404135338345864,0.001174812030075188,0.009398496240601503
speed-5|band1|scr10,-5.0,1.0,45000000.0,10.0,any,primary,IN-G8,PAMF-H1-K8-G8,4256,0.0021146616541353382,-0.004934210526315791,0.008928571428571428
speed-5|band1|scr10,-5.0,1.0,45000000.0,10.0,local,secondary,IN-G8,PAMF-H1-K8-G8,4256,0.0021146616541353382,-0.003289473684210526,0.00775375939849624
speed-5|band1|scr10,-5.0,1.0,45000000.0,10.0,first_is_local,secondary,IN-G8,PAMF-H1-K8-G8,4256,0.001174812030075188,-0.0025845864661654134,0.005404135338345864
speed-5|band1|scr10,-5.0,1.0,45000000.0,10.0,any,primary,IN-G8,P-ANMF1-N16,4256,-0.42293233082706766,-0.5366600093984963,-0.3148496240601504
speed-5|band1|scr10,-5.0,1.0,45000000.0,10.0,local,secondary,IN-G8,P-ANMF1-N16,4256,-0.42598684210526316,-0.5399436090225564,-0.3176691729323308
speed-5|band1|scr10,-5.0,1.0,45000000.0,10.0,first_is_local,secondary,IN-G8,P-ANMF1-N16,4256,-0.4269266917293233,-0.5413533834586466,-0.31837406015037595
speed-5|band1|scr20,-5.0,1.0,45000000.0,20.0,any,primary,IN-G8,IN-G0,4256,0.0018796992481203006,-0.0007048872180451127,0.005169172932330827
speed-5|band1|scr20,-5.0,1.0,45000000.0,20.0,local,secondary,IN-G8,IN-G0,4256,0.00023496240601503758,-0.001644736842105263,0.0025845864661654134
speed-5|band1|scr20,-5.0,1.0,45000000.0,20.0,first_is_local,secondary,IN-G8,IN-G0,4256,0.0009398496240601503,-0.00046992481203007516,0.0030545112781954886
speed-5|band1|scr20,-5.0,1.0,45000000.0,20.0,any,primary,IN-G8,CA-G0,4256,0.007988721804511278,0.0035244360902255637,0.012453007518796992
speed-5|band1|scr20,-5.0,1.0,45000000.0,20.0,local,secondary,IN-G8,CA-G0,4256,0.0037593984962406013,0.001644736842105263,0.006343984962406015
speed-5|band1|scr20,-5.0,1.0,45000000.0,20.0,first_is_local,secondary,IN-G8,CA-G0,4256,0.003289473684210526,0.0014097744360902255,0.005639097744360902
speed-5|band1|scr20,-5.0,1.0,45000000.0,20.0,any,primary,IN-G8,OS8-G0,4256,0.0058740601503759395,0.0014097744360902255,0.010338345864661654
speed-5|band1|scr20,-5.0,1.0,45000000.0,20.0,local,secondary,IN-G8,OS8-G0,4256,0.002349624060150376,-0.00023496240601503758,0.005169172932330827
speed-5|band1|scr20,-5.0,1.0,45000000.0,20.0,first_is_local,secondary,IN-G8,OS8-G0,4256,0.0018796992481203006,-0.00046992481203007516,0.004464285714285714
speed-5|band1|scr20,-5.0,1.0,45000000.0,20.0,any,primary,IN-G8,CA-G8,4256,0.008223684210526315,0.002819548872180451,0.013392857142857142
speed-5|band1|scr20,-5.0,1.0,45000000.0,20.0,local,secondary,IN-G8,CA-G8,4256,0.0037593984962406013,0.001174812030075188,0.006578947368421052
speed-5|band1|scr20,-5.0,1.0,45000000.0,20.0,first_is_local,secondary,IN-G8,CA-G8,4256,0.003289473684210526,0.0009398496240601503,0.005639097744360902
speed-5|band1|scr20,-5.0,1.0,45000000.0,20.0,any,primary,IN-G8,OS8-G8,4256,0.00869360902255639,0.004464285714285714,0.012922932330827067
speed-5|band1|scr20,-5.0,1.0,45000000.0,20.0,local,secondary,IN-G8,OS8-G8,4256,0.0042293233082706765,0.0021146616541353382,0.006578947368421052
speed-5|band1|scr20,-5.0,1.0,45000000.0,20.0,first_is_local,secondary,IN-G8,OS8-G8,4256,0.0037593984962406013,0.0021146616541353382,0.0058740601503759395
speed-5|band1|scr20,-5.0,1.0,45000000.0,20.0,any,primary,IN-G8,PAMF-H1-K8-G8,4256,-0.00023496240601503758,-0.007283834586466165,0.006109022556390977
speed-5|band1|scr20,-5.0,1.0,45000000.0,20.0,local,secondary,IN-G8,PAMF-H1-K8-G8,4256,-0.0025845864661654134,-0.008458646616541353,0.002349624060150376
speed-5|band1|scr20,-5.0,1.0,45000000.0,20.0,first_is_local,secondary,IN-G8,PAMF-H1-K8-G8,4256,-0.0025845864661654134,-0.008458646616541353,0.0021146616541353382
speed-5|band1|scr20,-5.0,1.0,45000000.0,20.0,any,primary,IN-G8,P-ANMF1-N16,4256,-0.8068609022556391,-0.8768855733082707,-0.7319078947368421
speed-5|band1|scr20,-5.0,1.0,45000000.0,20.0,local,secondary,IN-G8,P-ANMF1-N16,4256,-0.8122650375939849,-0.8839285714285714,-0.7366071428571428
speed-5|band1|scr20,-5.0,1.0,45000000.0,20.0,first_is_local,secondary,IN-G8,P-ANMF1-N16,4256,-0.806625939849624,-0.8761748120300752,-0.7330768327067669
speed5|band0.5|scr0,5.0,0.5,22500000.0,0.0,any,primary,IN-G8,IN-G0,4256,0.00046992481203007516,-0.0007048872180451127,0.001644736842105263
speed5|band0.5|scr0,5.0,0.5,22500000.0,0.0,local,secondary,IN-G8,IN-G0,4256,0.0007048872180451127,-0.0009398496240601503,0.0025845864661654134
speed5|band0.5|scr0,5.0,0.5,22500000.0,0.0,first_is_local,secondary,IN-G8,IN-G0,4256,0.00046992481203007516,-0.00046992481203007516,0.001644736842105263
speed5|band0.5|scr0,5.0,0.5,22500000.0,0.0,any,primary,IN-G8,CA-G0,4256,0.006578947368421052,-0.0007048872180451127,0.014332706766917292
speed5|band0.5|scr0,5.0,0.5,22500000.0,0.0,local,secondary,IN-G8,CA-G0,4256,0.0030545112781954886,-0.0007048872180451127,0.00681390977443609
speed5|band0.5|scr0,5.0,0.5,22500000.0,0.0,first_is_local,secondary,IN-G8,CA-G0,4256,0.00046992481203007516,-0.0021146616541353382,0.0030545112781954886
speed5|band0.5|scr0,5.0,0.5,22500000.0,0.0,any,primary,IN-G8,OS8-G0,4256,0.010103383458646616,0.004699248120300752,0.016212406015037595
speed5|band0.5|scr0,5.0,0.5,22500000.0,0.0,local,secondary,IN-G8,OS8-G0,4256,0.005169172932330827,0.0021146616541353382,0.008458646616541353
speed5|band0.5|scr0,5.0,0.5,22500000.0,0.0,first_is_local,secondary,IN-G8,OS8-G0,4256,0.0025845864661654134,0.001174812030075188,0.003994360902255639
speed5|band0.5|scr0,5.0,0.5,22500000.0,0.0,any,primary,IN-G8,CA-G8,4256,0.010338345864661654,0.004464285714285714,0.01668233082706767
speed5|band0.5|scr0,5.0,0.5,22500000.0,0.0,local,secondary,IN-G8,CA-G8,4256,0.005404135338345864,0.002349624060150376,0.00869360902255639
speed5|band0.5|scr0,5.0,0.5,22500000.0,0.0,first_is_local,secondary,IN-G8,CA-G8,4256,0.002819548872180451,0.001174812030075188,0.004464285714285714
speed5|band0.5|scr0,5.0,0.5,22500000.0,0.0,any,primary,IN-G8,OS8-G8,4256,0.010808270676691729,0.005169172932330827,0.016917293233082706
speed5|band0.5|scr0,5.0,0.5,22500000.0,0.0,local,secondary,IN-G8,OS8-G8,4256,0.005404135338345864,0.002349624060150376,0.00869360902255639
speed5|band0.5|scr0,5.0,0.5,22500000.0,0.0,first_is_local,secondary,IN-G8,OS8-G8,4256,0.002819548872180451,0.001174812030075188,0.004464285714285714
speed5|band0.5|scr0,5.0,0.5,22500000.0,0.0,any,primary,IN-G8,PAMF-H1-K8-G8,4256,0.007048872180451127,0.0018796992481203006,0.012687969924812031
speed5|band0.5|scr0,5.0,0.5,22500000.0,0.0,local,secondary,IN-G8,PAMF-H1-K8-G8,4256,0.004934210526315789,0.0018796992481203006,0.008223684210526315
speed5|band0.5|scr0,5.0,0.5,22500000.0,0.0,first_is_local,secondary,IN-G8,PAMF-H1-K8-G8,4256,0.002349624060150376,0.00046992481203007516,0.0042293233082706765
speed5|band0.5|scr0,5.0,0.5,22500000.0,0.0,any,primary,IN-G8,P-ANMF1-N16,4256,-0.34633458646616544,-0.40460526315789475,-0.28383458646616544
speed5|band0.5|scr0,5.0,0.5,22500000.0,0.0,local,secondary,IN-G8,P-ANMF1-N16,4256,-0.35150375939849626,-0.4093045112781955,-0.2897086466165414
speed5|band0.5|scr0,5.0,0.5,22500000.0,0.0,first_is_local,secondary,IN-G8,P-ANMF1-N16,4256,-0.3531484962406015,-0.41188909774436094,-0.2908834586466165
speed5|band0.5|scr10,5.0,0.5,22500000.0,10.0,any,primary,IN-G8,IN-G0,4256,-0.00023496240601503758,-0.0014097744360902255,0.001174812030075188
speed5|band0.5|scr10,5.0,0.5,22500000.0,10.0,local,secondary,IN-G8,IN-G0,4256,-0.0007048872180451127,-0.0018796992481203006,0.0
speed5|band0.5|scr10,5.0,0.5,22500000.0,10.0,first_is_local,secondary,IN-G8,IN-G0,4256,-0.00046992481203007516,-0.001174812030075188,0.0
speed5|band0.5|scr10,5.0,0.5,22500000.0,10.0,any,primary,IN-G8,CA-G0,4256,0.006578947368421052,0.002349624060150376,0.011043233082706766
speed5|band0.5|scr10,5.0,0.5,22500000.0,10.0,local,secondary,IN-G8,CA-G0,4256,0.0014097744360902255,-0.00023496240601503758,0.0030545112781954886
speed5|band0.5|scr10,5.0,0.5,22500000.0,10.0,first_is_local,secondary,IN-G8,CA-G0,4256,0.00023496240601503758,-0.0009398496240601503,0.0014097744360902255
speed5|band0.5|scr10,5.0,0.5,22500000.0,10.0,any,primary,IN-G8,OS8-G0,4256,0.00681390977443609,0.002819548872180451,0.011043233082706766
speed5|band0.5|scr10,5.0,0.5,22500000.0,10.0,local,secondary,IN-G8,OS8-G0,4256,0.0018796992481203006,0.00046992481203007516,0.003289473684210526
speed5|band0.5|scr10,5.0,0.5,22500000.0,10.0,first_is_local,secondary,IN-G8,OS8-G0,4256,0.0007048872180451127,0.0,0.001644736842105263
speed5|band0.5|scr10,5.0,0.5,22500000.0,10.0,any,primary,IN-G8,CA-G8,4256,0.00681390977443609,0.0030545112781954886,0.010808270676691729
speed5|band0.5|scr10,5.0,0.5,22500000.0,10.0,local,secondary,IN-G8,CA-G8,4256,0.0018796992481203006,0.00046992481203007516,0.003289473684210526
speed5|band0.5|scr10,5.0,0.5,22500000.0,10.0,first_is_local,secondary,IN-G8,CA-G8,4256,0.0007048872180451127,0.0,0.001644736842105263
speed5|band0.5|scr10,5.0,0.5,22500000.0,10.0,any,primary,IN-G8,OS8-G8,4256,0.007283834586466165,0.003289473684210526,0.011513157894736841
speed5|band0.5|scr10,5.0,0.5,22500000.0,10.0,local,secondary,IN-G8,OS8-G8,4256,0.0018796992481203006,0.00046992481203007516,0.003289473684210526
speed5|band0.5|scr10,5.0,0.5,22500000.0,10.0,first_is_local,secondary,IN-G8,OS8-G8,4256,0.0007048872180451127,0.0,0.001644736842105263
speed5|band0.5|scr10,5.0,0.5,22500000.0,10.0,any,primary,IN-G8,PAMF-H1-K8-G8,4256,0.0037593984962406013,-0.00023496240601503758,0.007988721804511278
speed5|band0.5|scr10,5.0,0.5,22500000.0,10.0,local,secondary,IN-G8,PAMF-H1-K8-G8,4256,0.0014097744360902255,0.0,0.0030545112781954886
speed5|band0.5|scr10,5.0,0.5,22500000.0,10.0,first_is_local,secondary,IN-G8,PAMF-H1-K8-G8,4256,0.00046992481203007516,-0.00046992481203007516,0.001644736842105263
speed5|band0.5|scr10,5.0,0.5,22500000.0,10.0,any,primary,IN-G8,P-ANMF1-N16,4256,-0.819078947368421,-0.868421052631579,-0.7612723214285715
speed5|band0.5|scr10,5.0,0.5,22500000.0,10.0,local,secondary,IN-G8,P-ANMF1-N16,4256,-0.8247180451127819,-0.8745359492481204,-0.7666823308270677
speed5|band0.5|scr10,5.0,0.5,22500000.0,10.0,first_is_local,secondary,IN-G8,P-ANMF1-N16,4256,-0.8237781954887218,-0.8733552631578947,-0.7662065319548873
speed5|band0.5|scr20,5.0,0.5,22500000.0,20.0,any,primary,IN-G8,IN-G0,4256,0.00023496240601503758,0.0,0.0007048872180451127
speed5|band0.5|scr20,5.0,0.5,22500000.0,20.0,local,secondary,IN-G8,IN-G0,4256,0.00023496240601503758,0.0,0.0007048872180451127
speed5|band0.5|scr20,5.0,0.5,22500000.0,20.0,first_is_local,secondary,IN-G8,IN-G0,4256,0.0,0.0,0.0
speed5|band0.5|scr20,5.0,0.5,22500000.0,20.0,any,primary,IN-G8,CA-G0,4256,0.003994360902255639,0.0014097744360902255,0.006578947368421052
speed5|band0.5|scr20,5.0,0.5,22500000.0,20.0,local,secondary,IN-G8,CA-G0,4256,0.00046992481203007516,0.0,0.001174812030075188
speed5|band0.5|scr20,5.0,0.5,22500000.0,20.0,first_is_local,secondary,IN-G8,CA-G0,4256,0.00023496240601503758,0.0,0.0007048872180451127
speed5|band0.5|scr20,5.0,0.5,22500000.0,20.0,any,primary,IN-G8,OS8-G0,4256,0.003994360902255639,0.0018796992481203006,0.006343984962406015
speed5|band0.5|scr20,5.0,0.5,22500000.0,20.0,local,secondary,IN-G8,OS8-G0,4256,0.00046992481203007516,0.0,0.001174812030075188
speed5|band0.5|scr20,5.0,0.5,22500000.0,20.0,first_is_local,secondary,IN-G8,OS8-G0,4256,0.00023496240601503758,0.0,0.0007048872180451127
speed5|band0.5|scr20,5.0,0.5,22500000.0,20.0,any,primary,IN-G8,CA-G8,4256,0.0035244360902255637,0.0007048872180451127,0.006343984962406015
speed5|band0.5|scr20,5.0,0.5,22500000.0,20.0,local,secondary,IN-G8,CA-G8,4256,0.00046992481203007516,0.0,0.001174812030075188
speed5|band0.5|scr20,5.0,0.5,22500000.0,20.0,first_is_local,secondary,IN-G8,CA-G8,4256,0.00023496240601503758,0.0,0.0007048872180451127
speed5|band0.5|scr20,5.0,0.5,22500000.0,20.0,any,primary,IN-G8,OS8-G8,4256,0.004464285714285714,0.0021146616541353382,0.00681390977443609
speed5|band0.5|scr20,5.0,0.5,22500000.0,20.0,local,secondary,IN-G8,OS8-G8,4256,0.00046992481203007516,0.0,0.001174812030075188
speed5|band0.5|scr20,5.0,0.5,22500000.0,20.0,first_is_local,secondary,IN-G8,OS8-G8,4256,0.00023496240601503758,0.0,0.0007048872180451127
speed5|band0.5|scr20,5.0,0.5,22500000.0,20.0,any,primary,IN-G8,PAMF-H1-K8-G8,4256,-0.0009398496240601503,-0.004464285714285714,0.0021146616541353382
speed5|band0.5|scr20,5.0,0.5,22500000.0,20.0,local,secondary,IN-G8,PAMF-H1-K8-G8,4256,0.00046992481203007516,0.0,0.001174812030075188
speed5|band0.5|scr20,5.0,0.5,22500000.0,20.0,first_is_local,secondary,IN-G8,PAMF-H1-K8-G8,4256,0.00023496240601503758,0.0,0.0007048872180451127
speed5|band0.5|scr20,5.0,0.5,22500000.0,20.0,any,primary,IN-G8,P-ANMF1-N16,4256,-0.9654605263157895,-0.9800281954887218,-0.9457236842105263
speed5|band0.5|scr20,5.0,0.5,22500000.0,20.0,local,secondary,IN-G8,P-ANMF1-N16,4256,-0.9694548872180451,-0.9837875939849624,-0.949953007518797
speed5|band0.5|scr20,5.0,0.5,22500000.0,20.0,first_is_local,secondary,IN-G8,P-ANMF1-N16,4256,-0.9617011278195489,-0.9757988721804511,-0.943374060150376
speed5|band1|scr0,5.0,1.0,45000000.0,0.0,any,primary,IN-G8,IN-G0,4256,0.0,-0.0014097744360902255,0.0014097744360902255
speed5|band1|scr0,5.0,1.0,45000000.0,0.0,local,secondary,IN-G8,IN-G0,4256,-0.00023496240601503758,-0.0014097744360902255,0.0009398496240601503
speed5|band1|scr0,5.0,1.0,45000000.0,0.0,first_is_local,secondary,IN-G8,IN-G0,4256,-0.00046992481203007516,-0.001644736842105263,0.0009398496240601503
speed5|band1|scr0,5.0,1.0,45000000.0,0.0,any,primary,IN-G8,CA-G0,4256,0.007283834586466165,0.00023496240601503758,0.015037593984962407
speed5|band1|scr0,5.0,1.0,45000000.0,0.0,local,secondary,IN-G8,CA-G0,4256,0.004934210526315789,0.00023496240601503758,0.009868421052631578
speed5|band1|scr0,5.0,1.0,45000000.0,0.0,first_is_local,secondary,IN-G8,CA-G0,4256,0.0014097744360902255,-0.001174812030075188,0.003994360902255639
speed5|band1|scr0,5.0,1.0,45000000.0,0.0,any,primary,IN-G8,OS8-G0,4256,0.012218045112781954,0.005404135338345864,0.019736842105263157
speed5|band1|scr0,5.0,1.0,45000000.0,0.0,local,secondary,IN-G8,OS8-G0,4256,0.007518796992481203,0.003289473684210526,0.011983082706766917
speed5|band1|scr0,5.0,1.0,45000000.0,0.0,first_is_local,secondary,IN-G8,OS8-G0,4256,0.003994360902255639,0.001644736842105263,0.006343984962406015
speed5|band1|scr0,5.0,1.0,45000000.0,0.0,any,primary,IN-G8,CA-G8,4256,0.010808270676691729,0.0037593984962406013,0.018562030075187967
speed5|band1|scr0,5.0,1.0,45000000.0,0.0,local,secondary,IN-G8,CA-G8,4256,0.00681390977443609,0.002819548872180451,0.011043233082706766
speed5|band1|scr0,5.0,1.0,45000000.0,0.0,first_is_local,secondary,IN-G8,CA-G8,4256,0.003289473684210526,0.001174812030075188,0.005404135338345864
speed5|band1|scr0,5.0,1.0,45000000.0,0.0,any,primary,IN-G8,OS8-G8,4256,0.012453007518796992,0.0058740601503759395,0.01950187969924812
speed5|band1|scr0,5.0,1.0,45000000.0,0.0,local,secondary,IN-G8,OS8-G8,4256,0.007518796992481203,0.0037593984962406013,0.011513157894736841
speed5|band1|scr0,5.0,1.0,45000000.0,0.0,first_is_local,secondary,IN-G8,OS8-G8,4256,0.003994360902255639,0.0021146616541353382,0.006109022556390977
speed5|band1|scr0,5.0,1.0,45000000.0,0.0,any,primary,IN-G8,PAMF-H1-K8-G8,4256,0.007988721804511278,0.0018796992481203006,0.014802631578947368
speed5|band1|scr0,5.0,1.0,45000000.0,0.0,local,secondary,IN-G8,PAMF-H1-K8-G8,4256,0.006109022556390977,0.002343750000000005,0.010338345864661654
speed5|band1|scr0,5.0,1.0,45000000.0,0.0,first_is_local,secondary,IN-G8,PAMF-H1-K8-G8,4256,0.0030545112781954886,0.0007048872180451127,0.005639097744360902
speed5|band1|scr0,5.0,1.0,45000000.0,0.0,any,primary,IN-G8,P-ANMF1-N16,4256,-0.3200187969924812,-0.37523496240601506,-0.26057330827067665
speed5|band1|scr0,5.0,1.0,45000000.0,0.0,local,secondary,IN-G8,P-ANMF1-N16,4256,-0.32495300751879697,-0.3792293233082707,-0.2671522556390977
speed5|band1|scr0,5.0,1.0,45000000.0,0.0,first_is_local,secondary,IN-G8,P-ANMF1-N16,4256,-0.3268327067669173,-0.3813498590225564,-0.268796992481203
speed5|band1|scr10,5.0,1.0,45000000.0,10.0,any,primary,IN-G8,IN-G0,4256,0.0,-0.001644736842105263,0.0014097744360902255
speed5|band1|scr10,5.0,1.0,45000000.0,10.0,local,secondary,IN-G8,IN-G0,4256,-0.0007048872180451127,-0.0025845864661654134,0.0007048872180451127
speed5|band1|scr10,5.0,1.0,45000000.0,10.0,first_is_local,secondary,IN-G8,IN-G0,4256,-0.00046992481203007516,-0.001644736842105263,0.00046992481203007516
speed5|band1|scr10,5.0,1.0,45000000.0,10.0,any,primary,IN-G8,CA-G0,4256,0.0058740601503759395,0.0009398496240601503,0.011513157894736841
speed5|band1|scr10,5.0,1.0,45000000.0,10.0,local,secondary,IN-G8,CA-G0,4256,0.0025845864661654134,0.00023496240601503758,0.005169172932330827
speed5|band1|scr10,5.0,1.0,45000000.0,10.0,first_is_local,secondary,IN-G8,CA-G0,4256,0.001174812030075188,-0.0007048872180451127,0.0035244360902255637
speed5|band1|scr10,5.0,1.0,45000000.0,10.0,any,primary,IN-G8,OS8-G0,4256,0.008928571428571428,0.0042293233082706765,0.013862781954887217
speed5|band1|scr10,5.0,1.0,45000000.0,10.0,local,secondary,IN-G8,OS8-G0,4256,0.0037593984962406013,0.001644736842105263,0.006109022556390977
speed5|band1|scr10,5.0,1.0,45000000.0,10.0,first_is_local,secondary,IN-G8,OS8-G0,4256,0.002349624060150376,0.00046992481203007516,0.004699248120300752
speed5|band1|scr10,5.0,1.0,45000000.0,10.0,any,primary,IN-G8,CA-G8,4256,0.00775375939849624,0.002819548872180451,0.012922932330827067
speed5|band1|scr10,5.0,1.0,45000000.0,10.0,local,secondary,IN-G8,CA-G8,4256,0.0037593984962406013,0.001644736842105263,0.006109022556390977
speed5|band1|scr10,5.0,1.0,45000000.0,10.0,first_is_local,secondary,IN-G8,CA-G8,4256,0.002349624060150376,0.00046992481203007516,0.004699248120300752
speed5|band1|scr10,5.0,1.0,45000000.0,10.0,any,primary,IN-G8,OS8-G8,4256,0.009163533834586466,0.004699248120300752,0.014097744360902255
speed5|band1|scr10,5.0,1.0,45000000.0,10.0,local,secondary,IN-G8,OS8-G8,4256,0.0037593984962406013,0.001644736842105263,0.006109022556390977
speed5|band1|scr10,5.0,1.0,45000000.0,10.0,first_is_local,secondary,IN-G8,OS8-G8,4256,0.002349624060150376,0.00046992481203007516,0.004699248120300752
speed5|band1|scr10,5.0,1.0,45000000.0,10.0,any,primary,IN-G8,PAMF-H1-K8-G8,4256,0.0030545112781954886,-0.0018796992481203006,0.007988721804511278
speed5|band1|scr10,5.0,1.0,45000000.0,10.0,local,secondary,IN-G8,PAMF-H1-K8-G8,4256,0.001174812030075188,-0.0014097744360902255,0.003994360902255639
speed5|band1|scr10,5.0,1.0,45000000.0,10.0,first_is_local,secondary,IN-G8,PAMF-H1-K8-G8,4256,-0.00023496240601503758,-0.002819548872180451,0.002349624060150376
speed5|band1|scr10,5.0,1.0,45000000.0,10.0,any,primary,IN-G8,P-ANMF1-N16,4256,-0.800046992481203,-0.8510338345864662,-0.7413063909774437
speed5|band1|scr10,5.0,1.0,45000000.0,10.0,local,secondary,IN-G8,P-ANMF1-N16,4256,-0.8054511278195489,-0.856437969924812,-0.7471804511278196
speed5|band1|scr10,5.0,1.0,45000000.0,10.0,first_is_local,secondary,IN-G8,P-ANMF1-N16,4256,-0.8038063909774437,-0.8545582706766918,-0.7453007518796992
speed5|band1|scr20,5.0,1.0,45000000.0,20.0,any,primary,IN-G8,IN-G0,4256,0.001644736842105263,0.00046992481203007516,0.003289473684210526
speed5|band1|scr20,5.0,1.0,45000000.0,20.0,local,secondary,IN-G8,IN-G0,4256,0.001174812030075188,0.0,0.002819548872180451
speed5|band1|scr20,5.0,1.0,45000000.0,20.0,first_is_local,secondary,IN-G8,IN-G0,4256,0.001174812030075188,0.0,0.002819548872180451
speed5|band1|scr20,5.0,1.0,45000000.0,20.0,any,primary,IN-G8,CA-G0,4256,0.004934210526315789,0.002349624060150376,0.00775375939849624
speed5|band1|scr20,5.0,1.0,45000000.0,20.0,local,secondary,IN-G8,CA-G0,4256,0.0018796992481203006,0.00046992481203007516,0.0035244360902255637
speed5|band1|scr20,5.0,1.0,45000000.0,20.0,first_is_local,secondary,IN-G8,CA-G0,4256,0.001644736842105263,0.0,0.0035244360902255637
speed5|band1|scr20,5.0,1.0,45000000.0,20.0,any,primary,IN-G8,OS8-G0,4256,0.0058740601503759395,0.003289473684210526,0.008928571428571428
speed5|band1|scr20,5.0,1.0,45000000.0,20.0,local,secondary,IN-G8,OS8-G0,4256,0.002349624060150376,0.0007048872180451127,0.0042293233082706765
speed5|band1|scr20,5.0,1.0,45000000.0,20.0,first_is_local,secondary,IN-G8,OS8-G0,4256,0.0021146616541353382,0.00046992481203007516,0.003994360902255639
speed5|band1|scr20,5.0,1.0,45000000.0,20.0,any,primary,IN-G8,CA-G8,4256,0.005404135338345864,0.0025845864661654134,0.008458646616541353
speed5|band1|scr20,5.0,1.0,45000000.0,20.0,local,secondary,IN-G8,CA-G8,4256,0.002349624060150376,0.0007048872180451127,0.0042293233082706765
speed5|band1|scr20,5.0,1.0,45000000.0,20.0,first_is_local,secondary,IN-G8,CA-G8,4256,0.0021146616541353382,0.00046992481203007516,0.003994360902255639
speed5|band1|scr20,5.0,1.0,45000000.0,20.0,any,primary,IN-G8,OS8-G8,4256,0.005639097744360902,0.002819548872180451,0.008928571428571428
speed5|band1|scr20,5.0,1.0,45000000.0,20.0,local,secondary,IN-G8,OS8-G8,4256,0.002349624060150376,0.0007048872180451127,0.0042293233082706765
speed5|band1|scr20,5.0,1.0,45000000.0,20.0,first_is_local,secondary,IN-G8,OS8-G8,4256,0.0021146616541353382,0.00046992481203007516,0.003994360902255639
speed5|band1|scr20,5.0,1.0,45000000.0,20.0,any,primary,IN-G8,PAMF-H1-K8-G8,4256,-0.01456766917293233,-0.03031015037593985,-0.0018796992481203006
speed5|band1|scr20,5.0,1.0,45000000.0,20.0,local,secondary,IN-G8,PAMF-H1-K8-G8,4256,-0.015272556390977443,-0.03054511278195489,-0.002819548872180451
speed5|band1|scr20,5.0,1.0,45000000.0,20.0,first_is_local,secondary,IN-G8,PAMF-H1-K8-G8,4256,-0.01362781954887218,-0.02796052631578947,-0.002349624060150376
speed5|band1|scr20,5.0,1.0,45000000.0,20.0,any,primary,IN-G8,P-ANMF1-N16,4256,-0.9614661654135338,-0.9767387218045113,-0.9412593984962405
speed5|band1|scr20,5.0,1.0,45000000.0,20.0,local,secondary,IN-G8,P-ANMF1-N16,4256,-0.9649906015037594,-0.9797932330827067,-0.9450129229323309
speed5|band1|scr20,5.0,1.0,45000000.0,20.0,first_is_local,secondary,IN-G8,P-ANMF1-N16,4256,-0.9403195488721805,-0.9560679041353384,-0.9212875939849624
speed15|band0.5|scr0,15.0,0.5,22500000.0,0.0,any,primary,IN-G8,IN-G0,4256,0.00023496240601503758,-0.0009398496240601503,0.0014097744360902255
speed15|band0.5|scr0,15.0,0.5,22500000.0,0.0,local,secondary,IN-G8,IN-G0,4256,-0.00046992481203007516,-0.0014097744360902255,0.00046992481203007516
speed15|band0.5|scr0,15.0,0.5,22500000.0,0.0,first_is_local,secondary,IN-G8,IN-G0,4256,-0.00046992481203007516,-0.001174812030075188,0.0
speed15|band0.5|scr0,15.0,0.5,22500000.0,0.0,any,primary,IN-G8,CA-G0,4256,0.004699248120300752,0.00046992481203007516,0.009163533834586466
speed15|band0.5|scr0,15.0,0.5,22500000.0,0.0,local,secondary,IN-G8,CA-G0,4256,0.00023496240601503758,-0.001174812030075188,0.0014097744360902255
speed15|band0.5|scr0,15.0,0.5,22500000.0,0.0,first_is_local,secondary,IN-G8,CA-G0,4256,-0.00046992481203007516,-0.0018796992481203006,0.0007048872180451127
speed15|band0.5|scr0,15.0,0.5,22500000.0,0.0,any,primary,IN-G8,OS8-G0,4256,0.007283834586466165,0.003994360902255639,0.010808270676691729
speed15|band0.5|scr0,15.0,0.5,22500000.0,0.0,local,secondary,IN-G8,OS8-G0,4256,0.001174812030075188,0.00046992481203007516,0.0021146616541353382
speed15|band0.5|scr0,15.0,0.5,22500000.0,0.0,first_is_local,secondary,IN-G8,OS8-G0,4256,0.00046992481203007516,0.0,0.001174812030075188
speed15|band0.5|scr0,15.0,0.5,22500000.0,0.0,any,primary,IN-G8,CA-G8,4256,0.006343984962406015,0.002819548872180451,0.009868421052631578
speed15|band0.5|scr0,15.0,0.5,22500000.0,0.0,local,secondary,IN-G8,CA-G8,4256,0.0009398496240601503,0.00023496240601503758,0.001644736842105263
speed15|band0.5|scr0,15.0,0.5,22500000.0,0.0,first_is_local,secondary,IN-G8,CA-G8,4256,0.00023496240601503758,-0.00046992481203007516,0.0009398496240601503
speed15|band0.5|scr0,15.0,0.5,22500000.0,0.0,any,primary,IN-G8,OS8-G8,4256,0.007518796992481203,0.0042293233082706765,0.011043233082706766
speed15|band0.5|scr0,15.0,0.5,22500000.0,0.0,local,secondary,IN-G8,OS8-G8,4256,0.001174812030075188,0.00046992481203007516,0.0021146616541353382
speed15|band0.5|scr0,15.0,0.5,22500000.0,0.0,first_is_local,secondary,IN-G8,OS8-G8,4256,0.00046992481203007516,0.0,0.001174812030075188
speed15|band0.5|scr0,15.0,0.5,22500000.0,0.0,any,primary,IN-G8,PAMF-H1-K8-G8,4256,0.0025845864661654134,-0.0009398496240601503,0.006343984962406015
speed15|band0.5|scr0,15.0,0.5,22500000.0,0.0,local,secondary,IN-G8,PAMF-H1-K8-G8,4256,0.0009398496240601503,0.0,0.0018796992481203006
speed15|band0.5|scr0,15.0,0.5,22500000.0,0.0,first_is_local,secondary,IN-G8,PAMF-H1-K8-G8,4256,0.00023496240601503758,-0.00046992481203007516,0.0009398496240601503
speed15|band0.5|scr0,15.0,0.5,22500000.0,0.0,any,primary,IN-G8,P-ANMF1-N16,4256,-0.045112781954887216,-0.09375,-0.004699248120300752
speed15|band0.5|scr0,15.0,0.5,22500000.0,0.0,local,secondary,IN-G8,P-ANMF1-N16,4256,-0.050046992481203006,-0.09891917293233082,-0.007988721804511278
speed15|band0.5|scr0,15.0,0.5,22500000.0,0.0,first_is_local,secondary,IN-G8,P-ANMF1-N16,4256,-0.050281954887218046,-0.09845512218045113,-0.00869360902255639
speed15|band0.5|scr10,15.0,0.5,22500000.0,10.0,any,primary,IN-G8,IN-G0,4256,0.003289473684210526,0.0014097744360902255,0.005639097744360902
speed15|band0.5|scr10,15.0,0.5,22500000.0,10.0,local,secondary,IN-G8,IN-G0,4256,0.0,0.0,0.0
speed15|band0.5|scr10,15.0,0.5,22500000.0,10.0,first_is_local,secondary,IN-G8,IN-G0,4256,0.0,0.0,0.0
speed15|band0.5|scr10,15.0,0.5,22500000.0,10.0,any,primary,IN-G8,CA-G0,4256,0.004699248120300752,0.001644736842105263,0.008223684210526315
speed15|band0.5|scr10,15.0,0.5,22500000.0,10.0,local,secondary,IN-G8,CA-G0,4256,-0.00046992481203007516,-0.0014097744360902255,0.00046992481203007516
speed15|band0.5|scr10,15.0,0.5,22500000.0,10.0,first_is_local,secondary,IN-G8,CA-G0,4256,-0.00046992481203007516,-0.0014097744360902255,0.00046992481203007516
speed15|band0.5|scr10,15.0,0.5,22500000.0,10.0,any,primary,IN-G8,OS8-G0,4256,0.006343984962406015,0.0037593984962406013,0.009398496240601503
speed15|band0.5|scr10,15.0,0.5,22500000.0,10.0,local,secondary,IN-G8,OS8-G0,4256,0.00023496240601503758,0.0,0.0007048872180451127
speed15|band0.5|scr10,15.0,0.5,22500000.0,10.0,first_is_local,secondary,IN-G8,OS8-G0,4256,0.00023496240601503758,0.0,0.0007048872180451127
speed15|band0.5|scr10,15.0,0.5,22500000.0,10.0,any,primary,IN-G8,CA-G8,4256,0.005404135338345864,0.0021146616541353382,0.009163533834586466
speed15|band0.5|scr10,15.0,0.5,22500000.0,10.0,local,secondary,IN-G8,CA-G8,4256,0.00023496240601503758,0.0,0.0007048872180451127
speed15|band0.5|scr10,15.0,0.5,22500000.0,10.0,first_is_local,secondary,IN-G8,CA-G8,4256,0.00023496240601503758,0.0,0.0007048872180451127
speed15|band0.5|scr10,15.0,0.5,22500000.0,10.0,any,primary,IN-G8,OS8-G8,4256,0.006343984962406015,0.0035244360902255637,0.00963345864661654
speed15|band0.5|scr10,15.0,0.5,22500000.0,10.0,local,secondary,IN-G8,OS8-G8,4256,0.00023496240601503758,0.0,0.0007048872180451127
speed15|band0.5|scr10,15.0,0.5,22500000.0,10.0,first_is_local,secondary,IN-G8,OS8-G8,4256,0.00023496240601503758,0.0,0.0007048872180451127
speed15|band0.5|scr10,15.0,0.5,22500000.0,10.0,any,primary,IN-G8,PAMF-H1-K8-G8,4256,-0.019736842105263157,-0.04182330827067669,-0.0025845864661654134
speed15|band0.5|scr10,15.0,0.5,22500000.0,10.0,local,secondary,IN-G8,PAMF-H1-K8-G8,4256,0.00023496240601503758,0.0,0.0007048872180451127
speed15|band0.5|scr10,15.0,0.5,22500000.0,10.0,first_is_local,secondary,IN-G8,PAMF-H1-K8-G8,4256,0.00023496240601503758,0.0,0.0007048872180451127
speed15|band0.5|scr10,15.0,0.5,22500000.0,10.0,any,primary,IN-G8,P-ANMF1-N16,4256,-0.08012218045112782,-0.17011278195488722,-0.00774788533834595
speed15|band0.5|scr10,15.0,0.5,22500000.0,10.0,local,secondary,IN-G8,P-ANMF1-N16,4256,-0.08082706766917293,-0.17270324248120303,-0.009163533834586466
speed15|band0.5|scr10,15.0,0.5,22500000.0,10.0,first_is_local,secondary,IN-G8,P-ANMF1-N16,4256,-0.07777255639097744,-0.16588345864661652,-0.00869360902255639
speed15|band0.5|scr20,15.0,0.5,22500000.0,20.0,any,primary,IN-G8,IN-G0,4256,0.007988721804511278,0.0021146616541353382,0.015037593984962407
speed15|band0.5|scr20,15.0,0.5,22500000.0,20.0,local,secondary,IN-G8,IN-G0,4256,0.0,0.0,0.0
speed15|band0.5|scr20,15.0,0.5,22500000.0,20.0,first_is_local,secondary,IN-G8,IN-G0,4256,0.0,0.0,0.0
speed15|band0.5|scr20,15.0,0.5,22500000.0,20.0,any,primary,IN-G8,CA-G0,4256,0.008458646616541353,0.0018796992481203006,0.016682330827067667
speed15|band0.5|scr20,15.0,0.5,22500000.0,20.0,local,secondary,IN-G8,CA-G0,4256,0.0,0.0,0.0
speed15|band0.5|scr20,15.0,0.5,22500000.0,20.0,first_is_local,secondary,IN-G8,CA-G0,4256,0.0,0.0,0.0
speed15|band0.5|scr20,15.0,0.5,22500000.0,20.0,any,primary,IN-G8,OS8-G0,4256,0.009163533834586466,0.002819548872180451,0.017152255639097745
speed15|band0.5|scr20,15.0,0.5,22500000.0,20.0,local,secondary,IN-G8,OS8-G0,4256,0.0,0.0,0.0
speed15|band0.5|scr20,15.0,0.5,22500000.0,20.0,first_is_local,secondary,IN-G8,OS8-G0,4256,0.0,0.0,0.0
speed15|band0.5|scr20,15.0,0.5,22500000.0,20.0,any,primary,IN-G8,CA-G8,4256,0.008928571428571428,0.0025845864661654134,0.016917293233082706
speed15|band0.5|scr20,15.0,0.5,22500000.0,20.0,local,secondary,IN-G8,CA-G8,4256,0.0,0.0,0.0
speed15|band0.5|scr20,15.0,0.5,22500000.0,20.0,first_is_local,secondary,IN-G8,CA-G8,4256,0.0,0.0,0.0
speed15|band0.5|scr20,15.0,0.5,22500000.0,20.0,any,primary,IN-G8,OS8-G8,4256,0.009398496240601503,0.002819548872180451,0.01738721804511278
speed15|band0.5|scr20,15.0,0.5,22500000.0,20.0,local,secondary,IN-G8,OS8-G8,4256,0.0,0.0,0.0
speed15|band0.5|scr20,15.0,0.5,22500000.0,20.0,first_is_local,secondary,IN-G8,OS8-G8,4256,0.0,0.0,0.0
speed15|band0.5|scr20,15.0,0.5,22500000.0,20.0,any,primary,IN-G8,PAMF-H1-K8-G8,4256,-0.13181390977443608,-0.2117011278195489,-0.06132518796992481
speed15|band0.5|scr20,15.0,0.5,22500000.0,20.0,local,secondary,IN-G8,PAMF-H1-K8-G8,4256,0.0,0.0,0.0
speed15|band0.5|scr20,15.0,0.5,22500000.0,20.0,first_is_local,secondary,IN-G8,PAMF-H1-K8-G8,4256,0.0,0.0,0.0
speed15|band0.5|scr20,15.0,0.5,22500000.0,20.0,any,primary,IN-G8,P-ANMF1-N16,4256,-0.07918233082706767,-0.17669172932330826,-0.004699248120300752
speed15|band0.5|scr20,15.0,0.5,22500000.0,20.0,local,secondary,IN-G8,P-ANMF1-N16,4256,-0.07518796992481203,-0.17975211466165414,-0.0014097744360902255
speed15|band0.5|scr20,15.0,0.5,22500000.0,20.0,first_is_local,secondary,IN-G8,P-ANMF1-N16,4256,-0.0643796992481203,-0.15343045112781956,-0.0014097744360902255
speed15|band1|scr0,15.0,1.0,45000000.0,0.0,any,primary,IN-G8,IN-G0,4256,0.001174812030075188,-0.0009398496240601503,0.0035244360902255637
speed15|band1|scr0,15.0,1.0,45000000.0,0.0,local,secondary,IN-G8,IN-G0,4256,0.0007048872180451127,-0.001174812030075188,0.0025845864661654134
speed15|band1|scr0,15.0,1.0,45000000.0,0.0,first_is_local,secondary,IN-G8,IN-G0,4256,0.00023496240601503758,-0.0014097744360902255,0.0018796992481203006
speed15|band1|scr0,15.0,1.0,45000000.0,0.0,any,primary,IN-G8,CA-G0,4256,0.007283834586466165,0.001174812030075188,0.013862781954887217
speed15|band1|scr0,15.0,1.0,45000000.0,0.0,local,secondary,IN-G8,CA-G0,4256,0.003289473684210526,-0.00023496240601503758,0.007048872180451127
speed15|band1|scr0,15.0,1.0,45000000.0,0.0,first_is_local,secondary,IN-G8,CA-G0,4256,0.001644736842105263,-0.0007048872180451127,0.003994360902255639
speed15|band1|scr0,15.0,1.0,45000000.0,0.0,any,primary,IN-G8,OS8-G0,4256,0.011278195488721804,0.006109022556390977,0.01668820488721796
speed15|band1|scr0,15.0,1.0,45000000.0,0.0,local,secondary,IN-G8,OS8-G0,4256,0.005404135338345864,0.0021146616541353382,0.008928571428571428
speed15|band1|scr0,15.0,1.0,45000000.0,0.0,first_is_local,secondary,IN-G8,OS8-G0,4256,0.0035244360902255637,0.0014097744360902255,0.0058740601503759395
speed15|band1|scr0,15.0,1.0,45000000.0,0.0,any,primary,IN-G8,CA-G8,4256,0.010103383458646616,0.004464285714285714,0.016212406015037595
speed15|band1|scr0,15.0,1.0,45000000.0,0.0,local,secondary,IN-G8,CA-G8,4256,0.004934210526315789,0.0018796992481203006,0.008458646616541353
speed15|band1|scr0,15.0,1.0,45000000.0,0.0,first_is_local,secondary,IN-G8,CA-G8,4256,0.0030545112781954886,0.0009398496240601503,0.005404135338345864
speed15|band1|scr0,15.0,1.0,45000000.0,0.0,any,primary,IN-G8,OS8-G8,4256,0.010808270676691729,0.005169172932330827,0.016917293233082706
speed15|band1|scr0,15.0,1.0,45000000.0,0.0,local,secondary,IN-G8,OS8-G8,4256,0.005169172932330827,0.0018796992481203006,0.008928571428571428
speed15|band1|scr0,15.0,1.0,45000000.0,0.0,first_is_local,secondary,IN-G8,OS8-G8,4256,0.003289473684210526,0.0009398496240601503,0.0058740601503759395
speed15|band1|scr0,15.0,1.0,45000000.0,0.0,any,primary,IN-G8,PAMF-H1-K8-G8,4256,-0.003994360902255639,-0.014332706766917292,0.005404135338345864
speed15|band1|scr0,15.0,1.0,45000000.0,0.0,local,secondary,IN-G8,PAMF-H1-K8-G8,4256,-0.008223684210526315,-0.018092105263157895,0.00023496240601503758
speed15|band1|scr0,15.0,1.0,45000000.0,0.0,first_is_local,secondary,IN-G8,PAMF-H1-K8-G8,4256,-0.009163533834586466,-0.018796992481203006,-0.0014097744360902255
speed15|band1|scr0,15.0,1.0,45000000.0,0.0,any,primary,IN-G8,P-ANMF1-N16,4256,-0.028900375939849624,-0.07448308270676691,0.005404135338345864
speed15|band1|scr0,15.0,1.0,45000000.0,0.0,local,secondary,IN-G8,P-ANMF1-N16,4256,-0.03359962406015038,-0.08082706766917293,0.001644736842105263
speed15|band1|scr0,15.0,1.0,45000000.0,0.0,first_is_local,secondary,IN-G8,P-ANMF1-N16,4256,-0.03453947368421053,-0.08012805451127819,0.0
speed15|band1|scr10,15.0,1.0,45000000.0,10.0,any,primary,IN-G8,IN-G0,4256,0.011043233082706766,0.003994360902255639,0.020441729323308268
speed15|band1|scr10,15.0,1.0,45000000.0,10.0,local,secondary,IN-G8,IN-G0,4256,0.008928571428571428,0.003289473684210526,0.015507518796992482
speed15|band1|scr10,15.0,1.0,45000000.0,10.0,first_is_local,secondary,IN-G8,IN-G0,4256,0.007988721804511278,0.002819548872180451,0.014097744360902257
speed15|band1|scr10,15.0,1.0,45000000.0,10.0,any,primary,IN-G8,CA-G0,4256,0.012453007518796992,0.0035244360902255637,0.022791353383458647
speed15|band1|scr10,15.0,1.0,45000000.0,10.0,local,secondary,IN-G8,CA-G0,4256,0.009163533834586466,0.002349624060150376,0.016682330827067667
speed15|band1|scr10,15.0,1.0,45000000.0,10.0,first_is_local,secondary,IN-G8,CA-G0,4256,0.007988721804511278,0.0018796992481203006,0.015037593984962405
speed15|band1|scr10,15.0,1.0,45000000.0,10.0,any,primary,IN-G8,OS8-G0,4256,0.015977443609022556,0.00775375939849624,0.025610902255639098
speed15|band1|scr10,15.0,1.0,45000000.0,10.0,local,secondary,IN-G8,OS8-G0,4256,0.010573308270676691,0.0042293233082706765,0.017622180451127817
speed15|band1|scr10,15.0,1.0,45000000.0,10.0,first_is_local,secondary,IN-G8,OS8-G0,4256,0.009398496240601503,0.0037593984962406013,0.015977443609022556
speed15|band1|scr10,15.0,1.0,45000000.0,10.0,any,primary,IN-G8,CA-G8,4256,0.015272556390977443,0.00681390977443609,0.025140977443609023
speed15|band1|scr10,15.0,1.0,45000000.0,10.0,local,secondary,IN-G8,CA-G8,4256,0.010808270676691729,0.004464285714285714,0.01762218045112782
speed15|band1|scr10,15.0,1.0,45000000.0,10.0,first_is_local,secondary,IN-G8,CA-G8,4256,0.00963345864661654,0.003994360902255639,0.015977443609022556
speed15|band1|scr10,15.0,1.0,45000000.0,10.0,any,primary,IN-G8,OS8-G8,4256,0.01574248120300752,0.007283834586466165,0.025610902255639098
speed15|band1|scr10,15.0,1.0,45000000.0,10.0,local,secondary,IN-G8,OS8-G8,4256,0.010808270676691729,0.004464285714285714,0.01762218045112782
speed15|band1|scr10,15.0,1.0,45000000.0,10.0,first_is_local,secondary,IN-G8,OS8-G8,4256,0.00963345864661654,0.003994360902255639,0.015977443609022556
speed15|band1|scr10,15.0,1.0,45000000.0,10.0,any,primary,IN-G8,PAMF-H1-K8-G8,4256,-0.09116541353383459,-0.1487312030075188,-0.04111842105263158
speed15|band1|scr10,15.0,1.0,45000000.0,10.0,local,secondary,IN-G8,PAMF-H1-K8-G8,4256,-0.0956296992481203,-0.15226151315789474,-0.04605263157894737
speed15|band1|scr10,15.0,1.0,45000000.0,10.0,first_is_local,secondary,IN-G8,PAMF-H1-K8-G8,4256,-0.08693609022556391,-0.1376938439849624,-0.042528195488721804
speed15|band1|scr10,15.0,1.0,45000000.0,10.0,any,primary,IN-G8,P-ANMF1-N16,4256,-0.05709586466165414,-0.14943609022556392,0.010814144736842021
speed15|band1|scr10,15.0,1.0,45000000.0,10.0,local,secondary,IN-G8,P-ANMF1-N16,4256,-0.06132518796992481,-0.1536654135338346,0.005404135338345864
speed15|band1|scr10,15.0,1.0,45000000.0,10.0,first_is_local,secondary,IN-G8,P-ANMF1-N16,4256,-0.06132518796992481,-0.1520265507518797,0.004699248120300752
speed15|band1|scr20,15.0,1.0,45000000.0,20.0,any,primary,IN-G8,IN-G0,4256,0.02655075187969925,0.008458646616541353,0.048173167293232996
speed15|band1|scr20,15.0,1.0,45000000.0,20.0,local,secondary,IN-G8,IN-G0,4256,0.018092105263157895,0.0042293233082706765,0.03524436090225564
speed15|band1|scr20,15.0,1.0,45000000.0,20.0,first_is_local,secondary,IN-G8,IN-G0,4256,0.016917293233082706,0.003994360902255639,0.03289473684210526
speed15|band1|scr20,15.0,1.0,45000000.0,20.0,any,primary,IN-G8,CA-G0,4256,0.02725563909774436,0.007982847744360907,0.05051691729323308
speed15|band1|scr20,15.0,1.0,45000000.0,20.0,local,secondary,IN-G8,CA-G0,4256,0.018092105263157895,0.0042293233082706765,0.03547932330827067
speed15|band1|scr20,15.0,1.0,45000000.0,20.0,first_is_local,secondary,IN-G8,CA-G0,4256,0.016917293233082706,0.003994360902255639,0.03289473684210527
speed15|band1|scr20,15.0,1.0,45000000.0,20.0,any,primary,IN-G8,OS8-G0,4256,0.029605263157894735,0.010338345864661654,0.05263157894736842
speed15|band1|scr20,15.0,1.0,45000000.0,20.0,local,secondary,IN-G8,OS8-G0,4256,0.018796992481203006,0.005169172932330827,0.03594924812030076
speed15|band1|scr20,15.0,1.0,45000000.0,20.0,first_is_local,secondary,IN-G8,OS8-G0,4256,0.01762218045112782,0.004934210526315789,0.03359962406015038
speed15|band1|scr20,15.0,1.0,45000000.0,20.0,any,primary,IN-G8,CA-G8,4256,0.02913533834586466,0.009398496240601503,0.052402490601503676
speed15|band1|scr20,15.0,1.0,45000000.0,20.0,local,secondary,IN-G8,CA-G8,4256,0.019031954887218046,0.005169172932330827,0.03665413533834586
speed15|band1|scr20,15.0,1.0,45000000.0,20.0,first_is_local,secondary,IN-G8,CA-G8,4256,0.017857142857142856,0.004934210526315789,0.03406954887218045
speed15|band1|scr20,15.0,1.0,45000000.0,20.0,any,primary,IN-G8,OS8-G8,4256,0.03007518796992481,0.010573308270676691,0.053336466165413536
speed15|band1|scr20,15.0,1.0,45000000.0,20.0,local,secondary,IN-G8,OS8-G8,4256,0.019031954887218046,0.005169172932330827,0.03665413533834586
speed15|band1|scr20,15.0,1.0,45000000.0,20.0,first_is_local,secondary,IN-G8,OS8-G8,4256,0.017857142857142856,0.004934210526315789,0.03406954887218045
speed15|band1|scr20,15.0,1.0,45000000.0,20.0,any,primary,IN-G8,PAMF-H1-K8-G8,4256,-0.25892857142857145,-0.36819196428571427,-0.15718984962406013
speed15|band1|scr20,15.0,1.0,45000000.0,20.0,local,secondary,IN-G8,PAMF-H1-K8-G8,4256,-0.2662124060150376,-0.3797051221804511,-0.1604793233082707
speed15|band1|scr20,15.0,1.0,45000000.0,20.0,first_is_local,secondary,IN-G8,PAMF-H1-K8-G8,4256,-0.19760338345864661,-0.2791529605263158,-0.1212406015037594
speed15|band1|scr20,15.0,1.0,45000000.0,20.0,any,primary,IN-G8,P-ANMF1-N16,4256,-0.05474624060150376,-0.14756226503759398,0.013157894736842105
speed15|band1|scr20,15.0,1.0,45000000.0,20.0,local,secondary,IN-G8,P-ANMF1-N16,4256,-0.05897556390977444,-0.1532013627819549,0.00775375939849624
speed15|band1|scr20,15.0,1.0,45000000.0,20.0,first_is_local,secondary,IN-G8,P-ANMF1-N16,4256,-0.047227443609022556,-0.12218045112781954,0.007048872180451127
