unit_id,tag,polarization,rotation,method,n_calibration,conformal_rank,iid_rank_tail_mass,threshold,n_test,null_hits
1113_58_rot2,1113_58,HH,2,IN-G0,160,160,0.006211180124223602,40.94057966854165,152,1
1113_58_rot2,1113_58,HH,2,CA-G0,160,160,0.006211180124223602,22.538636456644504,152,0
1113_58_rot2,1113_58,HH,2,OS8-G0,160,160,0.006211180124223602,55.23310786809118,152,1
1113_58_rot2,1113_58,HH,2,IN-G8,160,160,0.006211180124223602,51.209649870556525,152,0
1113_58_rot2,1113_58,HH,2,CA-G8,160,160,0.006211180124223602,69.39683708370326,152,0
1113_58_rot2,1113_58,HH,2,OS8-G8,160,160,0.006211180124223602,248.4526843662504,152,0
1113_58_rot2,1113_58,HH,2,PAMF-H1-K8-G8,160,160,0.006211180124223602,80.25790027456195,152,4
1113_58_rot2,1113_58,HH,2,P-ANMF1-N16,160,160,0.006211180124223602,0.9620355376577804,152,8
1113_58_rot3,1113_58,HH,3,IN-G0,152,152,0.006535947712418301,66.25927959428574,152,1
1113_58_rot3,1113_58,HH,3,CA-G0,152,152,0.006535947712418301,15.038076850744128,152,3
1113_58_rot3,1113_58,HH,3,OS8-G0,152,152,0.006535947712418301,96.82552739533703,152,0
1113_58_rot3,1113_58,HH,3,IN-G8,152,152,0.006535947712418301,48.68875759176039,152,1
1113_58_rot3,1113_58,HH,3,CA-G8,152,152,0.006535947712418301,66.00476441092079,152,0
1113_58_rot3,1113_58,HH,3,OS8-G8,152,152,0.006535947712418301,168.25646840256874,152,0
1113_58_rot3,1113_58,HH,3,PAMF-H1-K8-G8,152,152,0.006535947712418301,263.99204298649033,152,0
1113_58_rot3,1113_58,HH,3,P-ANMF1-N16,152,152,0.006535947712418301,0.9929729221336641,152,0
1118_34_rot2,1118_34,HH,2,IN-G0,160,160,0.006211180124223602,334.5924798619259,152,2
1118_34_rot2,1118_34,HH,2,CA-G0,160,160,0.006211180124223602,14.04151699831632,152,0
1118_34_rot2,1118_34,HH,2,OS8-G0,160,160,0.006211180124223602,83.10370735129133,152,0
1118_34_rot2,1118_34,HH,2,IN-G8,160,160,0.006211180124223602,324.4612444088727,152,2
1118_34_rot2,1118_34,HH,2,CA-G8,160,160,0.006211180124223602,87.42295983698604,152,1
1118_34_rot2,1118_34,HH,2,OS8-G8,160,160,0.006211180124223602,204.23846353286015,152,1
1118_34_rot2,1118_34,HH,2,PAMF-H1-K8-G8,160,160,0.006211180124223602,218.85273094646297,152,2
1118_34_rot2,1118_34,HH,2,P-ANMF1-N16,160,160,0.006211180124223602,0.9897278854578682,152,0
1118_34_rot3,1118_34,HH,3,IN-G0,152,152,0.006535947712418301,720.3102779535188,152,0
1118_34_rot3,1118_34,HH,3,CA-G0,152,152,0.006535947712418301,13.914336963503596,152,4
1118_34_rot3,1118_34,HH,3,OS8-G0,152,152,0.006535947712418301,64.04041363611995,152,0
1118_34_rot3,1118_34,HH,3,IN-G8,152,152,0.006535947712418301,1183.4422660443363,152,0
1118_34_rot3,1118_34,HH,3,CA-G8,152,152,0.006535947712418301,118.35745568563063,152,0
1118_34_rot3,1118_34,HH,3,OS8-G8,152,152,0.006535947712418301,304.14154748515904,152,0
1118_34_rot3,1118_34,HH,3,PAMF-H1-K8-G8,152,152,0.006535947712418301,915.4138183545588,152,0
1118_34_rot3,1118_34,HH,3,P-ANMF1-N16,152,152,0.006535947712418301,0.9831075783484218,152,2
1123_49_rot2,1123_49,HH,2,IN-G0,160,160,0.006211180124223602,18.411625727441297,152,13
1123_49_rot2,1123_49,HH,2,CA-G0,160,160,0.006211180124223602,16.95337504506475,152,2
1123_49_rot2,1123_49,HH,2,OS8-G0,160,160,0.006211180124223602,96.3528499889873,152,0
1123_49_rot2,1123_49,HH,2,IN-G8,160,160,0.006211180124223602,20.67490400824653,152,13
1123_49_rot2,1123_49,HH,2,CA-G8,160,160,0.006211180124223602,142.00631857167627,152,0
1123_49_rot2,1123_49,HH,2,OS8-G8,160,160,0.006211180124223602,661.8652468117529,152,0
1123_49_rot2,1123_49,HH,2,PAMF-H1-K8-G8,160,160,0.006211180124223602,82.20891025617495,152,7
1123_49_rot2,1123_49,HH,2,P-ANMF1-N16,160,160,0.006211180124223602,0.9711680018213439,152,3
1123_49_rot3,1123_49,HH,3,IN-G0,152,152,0.006535947712418301,398.5133122918791,152,0
1123_49_rot3,1123_49,HH,3,CA-G0,152,152,0.006535947712418301,20.39234164125443,152,0
1123_49_rot3,1123_49,HH,3,OS8-G0,152,152,0.006535947712418301,44.46137014704745,152,0
1123_49_rot3,1123_49,HH,3,IN-G8,152,152,0.006535947712418301,473.87069683313473,152,0
1123_49_rot3,1123_49,HH,3,CA-G8,152,152,0.006535947712418301,72.77743104054407,152,1
1123_49_rot3,1123_49,HH,3,OS8-G8,152,152,0.006535947712418301,205.67078442196302,152,0
1123_49_rot3,1123_49,HH,3,PAMF-H1-K8-G8,152,152,0.006535947712418301,405.6536434703785,152,0
1123_49_rot3,1123_49,HH,3,P-ANMF1-N16,152,152,0.006535947712418301,0.985254610774432,152,1
1128_12_rot2,1128_12,HH,2,IN-G0,160,160,0.006211180124223602,500.8569581921433,152,0
1128_12_rot2,1128_12,HH,2,CA-G0,160,160,0.006211180124223602,16.955198131932,152,0
1128_12_rot2,1128_12,HH,2,OS8-G0,160,160,0.006211180124223602,88.96520150732337,152,0
1128_12_rot2,1128_12,HH,2,IN-G8,160,160,0.006211180124223602,548.8832877527446,152,0
1128_12_rot2,1128_12,HH,2,CA-G8,160,160,0.006211180124223602,62.073242653301456,152,2
1128_12_rot2,1128_12,HH,2,OS8-G8,160,160,0.006211180124223602,235.36663478720124,152,0
1128_12_rot2,1128_12,HH,2,PAMF-H1-K8-G8,160,160,0.006211180124223602,286.59883158799136,152,0
1128_12_rot2,1128_12,HH,2,P-ANMF1-N16,160,160,0.006211180124223602,0.985600665244126,152,4
1128_12_rot3,1128_12,HH,3,IN-G0,152,152,0.006535947712418301,381.26191371509964,152,0
1128_12_rot3,1128_12,HH,3,CA-G0,152,152,0.006535947712418301,13.30494375984206,152,3
1128_12_rot3,1128_12,HH,3,OS8-G0,152,152,0.006535947712418301,88.54225101760632,152,2
1128_12_rot3,1128_12,HH,3,IN-G8,152,152,0.006535947712418301,413.2669869843427,152,0
1128_12_rot3,1128_12,HH,3,CA-G8,152,152,0.006535947712418301,69.57697143889777,152,3
1128_12_rot3,1128_12,HH,3,OS8-G8,152,152,0.006535947712418301,219.22375674696605,152,2
1128_12_rot3,1128_12,HH,3,PAMF-H1-K8-G8,152,152,0.006535947712418301,205.95112894870022,152,0
1128_12_rot3,1128_12,HH,3,P-ANMF1-N16,152,152,0.006535947712418301,0.9948813170084604,152,1
1132_56_rot2,1132_56,HH,2,IN-G0,160,160,0.006211180124223602,343.22282859465224,152,1
1132_56_rot2,1132_56,HH,2,CA-G0,160,160,0.006211180124223602,17.400905895669325,152,0
1132_56_rot2,1132_56,HH,2,OS8-G0,160,160,0.006211180124223602,157.44121988902717,152,0
1132_56_rot2,1132_56,HH,2,IN-G8,160,160,0.006211180124223602,796.0808339770044,152,0
1132_56_rot2,1132_56,HH,2,CA-G8,160,160,0.006211180124223602,136.37388433302405,152,0
1132_56_rot2,1132_56,HH,2,OS8-G8,160,160,0.006211180124223602,405.1575902661791,152,0
1132_56_rot2,1132_56,HH,2,PAMF-H1-K8-G8,160,160,0.006211180124223602,367.678821386332,152,0
1132_56_rot2,1132_56,HH,2,P-ANMF1-N16,160,160,0.006211180124223602,0.9912499879134745,152,0
1132_56_rot3,1132_56,HH,3,IN-G0,152,152,0.006535947712418301,383.239483114862,152,0
1132_56_rot3,1132_56,HH,3,CA-G0,152,152,0.006535947712418301,14.687882949328811,152,1
1132_56_rot3,1132_56,HH,3,OS8-G0,152,152,0.006535947712418301,91.71559748008602,152,1
1132_56_rot3,1132_56,HH,3,IN-G8,152,152,0.006535947712418301,467.20748987572995,152,0
1132_56_rot3,1132_56,HH,3,CA-G8,152,152,0.006535947712418301,82.0413354720378,152,0
1132_56_rot3,1132_56,HH,3,OS8-G8,152,152,0.006535947712418301,191.2035174171689,152,2
1132_56_rot3,1132_56,HH,3,PAMF-H1-K8-G8,152,152,0.006535947712418301,255.91281786312206,152,0
1132_56_rot3,1132_56,HH,3,P-ANMF1-N16,152,152,0.006535947712418301,0.988805990940323,152,1
1139_49_rot2,1139_49,HH,2,IN-G0,160,160,0.006211180124223602,98.30439108097453,152,0
1139_49_rot2,1139_49,HH,2,CA-G0,160,160,0.006211180124223602,15.576901536670421,152,1
1139_49_rot2,1139_49,HH,2,OS8-G0,160,160,0.006211180124223602,119.1192533457962,152,0
1139_49_rot2,1139_49,HH,2,IN-G8,160,160,0.006211180124223602,129.13688330404284,152,0
1139_49_rot2,1139_49,HH,2,CA-G8,160,160,0.006211180124223602,72.33607279404985,152,5
1139_49_rot2,1139_49,HH,2,OS8-G8,160,160,0.006211180124223602,419.8388359279566,152,1
1139_49_rot2,1139_49,HH,2,PAMF-H1-K8-G8,160,160,0.006211180124223602,113.05367423800993,152,5
1139_49_rot2,1139_49,HH,2,P-ANMF1-N16,160,160,0.006211180124223602,0.9877934067765004,152,0
1139_49_rot3,1139_49,HH,3,IN-G0,152,152,0.006535947712418301,17.815518177496806,152,5
1139_49_rot3,1139_49,HH,3,CA-G0,152,152,0.006535947712418301,20.50854546059336,152,0
1139_49_rot3,1139_49,HH,3,OS8-G0,152,152,0.006535947712418301,118.29903724742648,152,0
1139_49_rot3,1139_49,HH,3,IN-G8,152,152,0.006535947712418301,31.177837083810598,152,4
1139_49_rot3,1139_49,HH,3,CA-G8,152,152,0.006535947712418301,196.16827389035308,152,0
1139_49_rot3,1139_49,HH,3,OS8-G8,152,152,0.006535947712418301,432.0694062048268,152,0
1139_49_rot3,1139_49,HH,3,PAMF-H1-K8-G8,152,152,0.006535947712418301,218.19440025177852,152,1
1139_49_rot3,1139_49,HH,3,P-ANMF1-N16,152,152,0.006535947712418301,0.9940683975480592,152,0
1146_48_rot2,1146_48,HH,2,IN-G0,160,160,0.006211180124223602,16.245146148172466,152,5
1146_48_rot2,1146_48,HH,2,CA-G0,160,160,0.006211180124223602,12.84716943525989,152,1
1146_48_rot2,1146_48,HH,2,OS8-G0,160,160,0.006211180124223602,111.8587682173338,152,1
1146_48_rot2,1146_48,HH,2,IN-G8,160,160,0.006211180124223602,22.021571758955705,152,4
1146_48_rot2,1146_48,HH,2,CA-G8,160,160,0.006211180124223602,105.60818010365854,152,0
1146_48_rot2,1146_48,HH,2,OS8-G8,160,160,0.006211180124223602,530.5550024108717,152,0
1146_48_rot2,1146_48,HH,2,PAMF-H1-K8-G8,160,160,0.006211180124223602,185.6854755014124,152,1
1146_48_rot2,1146_48,HH,2,P-ANMF1-N16,160,160,0.006211180124223602,0.9946439837443027,152,0
1146_48_rot3,1146_48,HH,3,IN-G0,152,152,0.006535947712418301,228.28722609019187,152,1
1146_48_rot3,1146_48,HH,3,CA-G0,152,152,0.006535947712418301,13.706582067116804,152,0
1146_48_rot3,1146_48,HH,3,OS8-G0,152,152,0.006535947712418301,139.42799134001658,152,0
1146_48_rot3,1146_48,HH,3,IN-G8,152,152,0.006535947712418301,323.53541702232934,152,1
1146_48_rot3,1146_48,HH,3,CA-G8,152,152,0.006535947712418301,87.02148664595252,152,1
1146_48_rot3,1146_48,HH,3,OS8-G8,152,152,0.006535947712418301,368.75086983257216,152,1
1146_48_rot3,1146_48,HH,3,PAMF-H1-K8-G8,152,152,0.006535947712418301,177.1397119139727,152,1
1146_48_rot3,1146_48,HH,3,P-ANMF1-N16,152,152,0.006535947712418301,0.9948678449612479,152,0
1446_21_rot2,1446_21,VV,2,IN-G0,160,160,0.006211180124223602,22.99968432186066,152,5
1446_21_rot2,1446_21,VV,2,CA-G0,160,160,0.006211180124223602,16.53881331184252,152,1
1446_21_rot2,1446_21,VV,2,OS8-G0,160,160,0.006211180124223602,60.705507861973075,152,2
1446_21_rot2,1446_21,VV,2,IN-G8,160,160,0.006211180124223602,20.0080540779586,152,8
1446_21_rot2,1446_21,VV,2,CA-G8,160,160,0.006211180124223602,82.38907770787368,152,1
1446_21_rot2,1446_21,VV,2,OS8-G8,160,160,0.006211180124223602,209.18029120480432,152,1
1446_21_rot2,1446_21,VV,2,PAMF-H1-K8-G8,160,160,0.006211180124223602,56.024557398471046,152,7
1446_21_rot2,1446_21,VV,2,P-ANMF1-N16,160,160,0.006211180124223602,0.9792852661737411,152,1
1446_21_rot3,1446_21,VV,3,IN-G0,152,152,0.006535947712418301,114.58409121633836,152,3
1446_21_rot3,1446_21,VV,3,CA-G0,152,152,0.006535947712418301,28.44762356787124,152,0
1446_21_rot3,1446_21,VV,3,OS8-G0,152,152,0.006535947712418301,85.44065192082537,152,0
1446_21_rot3,1446_21,VV,3,IN-G8,152,152,0.006535947712418301,188.34651243493707,152,0
1446_21_rot3,1446_21,VV,3,CA-G8,152,152,0.006535947712418301,92.30955503663043,152,0
1446_21_rot3,1446_21,VV,3,OS8-G8,152,152,0.006535947712418301,219.81616688572103,152,0
1446_21_rot3,1446_21,VV,3,PAMF-H1-K8-G8,152,152,0.006535947712418301,139.32744352266644,152,0
1446_21_rot3,1446_21,VV,3,P-ANMF1-N16,152,152,0.006535947712418301,0.9853526698914692,152,0
1450_16_rot2,1450_16,VV,2,IN-G0,160,160,0.006211180124223602,420.647889525931,152,2
1450_16_rot2,1450_16,VV,2,CA-G0,160,160,0.006211180124223602,16.036684642967636,152,0
1450_16_rot2,1450_16,VV,2,OS8-G0,160,160,0.006211180124223602,70.96139598225717,152,0
1450_16_rot2,1450_16,VV,2,IN-G8,160,160,0.006211180124223602,331.82997627292355,152,2
1450_16_rot2,1450_16,VV,2,CA-G8,160,160,0.006211180124223602,80.0602274471724,152,3
1450_16_rot2,1450_16,VV,2,OS8-G8,160,160,0.006211180124223602,341.95848771820505,152,1
1450_16_rot2,1450_16,VV,2,PAMF-H1-K8-G8,160,160,0.006211180124223602,231.64995056470823,152,1
1450_16_rot2,1450_16,VV,2,P-ANMF1-N16,160,160,0.006211180124223602,0.9871616894351694,152,3
1450_16_rot3,1450_16,VV,3,IN-G0,152,152,0.006535947712418301,445.8475962011124,152,0
1450_16_rot3,1450_16,VV,3,CA-G0,152,152,0.006535947712418301,15.54480035209306,152,2
1450_16_rot3,1450_16,VV,3,OS8-G0,152,152,0.006535947712418301,68.43176169410968,152,2
1450_16_rot3,1450_16,VV,3,IN-G8,152,152,0.006535947712418301,506.5933796218955,152,0
1450_16_rot3,1450_16,VV,3,CA-G8,152,152,0.006535947712418301,110.12250490194077,152,0
1450_16_rot3,1450_16,VV,3,OS8-G8,152,152,0.006535947712418301,437.2052460322198,152,0
1450_16_rot3,1450_16,VV,3,PAMF-H1-K8-G8,152,152,0.006535947712418301,299.4125322515847,152,0
1450_16_rot3,1450_16,VV,3,P-ANMF1-N16,152,152,0.006535947712418301,0.9901559524405908,152,0
1457_22_rot2,1457_22,VV,2,IN-G0,160,160,0.006211180124223602,17.724887866657237,152,0
1457_22_rot2,1457_22,VV,2,CA-G0,160,160,0.006211180124223602,13.219970635149433,152,0
1457_22_rot2,1457_22,VV,2,OS8-G0,160,160,0.006211180124223602,84.11364912231892,152,1
1457_22_rot2,1457_22,VV,2,IN-G8,160,160,0.006211180124223602,20.507148470543257,152,4
1457_22_rot2,1457_22,VV,2,CA-G8,160,160,0.006211180124223602,97.90776063297437,152,0
1457_22_rot2,1457_22,VV,2,OS8-G8,160,160,0.006211180124223602,242.41211544478236,152,0
1457_22_rot2,1457_22,VV,2,PAMF-H1-K8-G8,160,160,0.006211180124223602,163.12561437808762,152,1
1457_22_rot2,1457_22,VV,2,P-ANMF1-N16,160,160,0.006211180124223602,0.9905057179731307,152,1
1457_22_rot3,1457_22,VV,3,IN-G0,152,152,0.006535947712418301,16.305119150930107,152,1
1457_22_rot3,1457_22,VV,3,CA-G0,152,152,0.006535947712418301,12.244404099912245,152,2
1457_22_rot3,1457_22,VV,3,OS8-G0,152,152,0.006535947712418301,116.36212001615868,152,0
1457_22_rot3,1457_22,VV,3,IN-G8,152,152,0.006535947712418301,32.806121085786295,152,0
1457_22_rot3,1457_22,VV,3,CA-G8,152,152,0.006535947712418301,92.65315222227309,152,1
1457_22_rot3,1457_22,VV,3,OS8-G8,152,152,0.006535947712418301,222.76570897891432,152,0
1457_22_rot3,1457_22,VV,3,PAMF-H1-K8-G8,152,152,0.006535947712418301,240.60319430111463,152,0
1457_22_rot3,1457_22,VV,3,P-ANMF1-N16,152,152,0.006535947712418301,0.9927007249679917,152,0
1501_53_rot2,1501_53,VV,2,IN-G0,160,160,0.006211180124223602,19.862549631232618,152,8
1501_53_rot2,1501_53,VV,2,CA-G0,160,160,0.006211180124223602,14.071539906265663,152,0
1501_53_rot2,1501_53,VV,2,OS8-G0,160,160,0.006211180124223602,145.45836791674444,152,0
1501_53_rot2,1501_53,VV,2,IN-G8,160,160,0.006211180124223602,25.428330989296132,152,8
1501_53_rot2,1501_53,VV,2,CA-G8,160,160,0.006211180124223602,97.16274260523056,152,0
1501_53_rot2,1501_53,VV,2,OS8-G8,160,160,0.006211180124223602,296.8865149492455,152,0
1501_53_rot2,1501_53,VV,2,PAMF-H1-K8-G8,160,160,0.006211180124223602,182.84658994813356,152,2
1501_53_rot2,1501_53,VV,2,P-ANMF1-N16,160,160,0.006211180124223602,0.9861111045038097,152,0
1501_53_rot3,1501_53,VV,3,IN-G0,152,152,0.006535947712418301,196.1948897376028,152,1
1501_53_rot3,1501_53,VV,3,CA-G0,152,152,0.006535947712418301,11.47670111780007,152,4
1501_53_rot3,1501_53,VV,3,OS8-G0,152,152,0.006535947712418301,64.4996222434293,152,2
1501_53_rot3,1501_53,VV,3,IN-G8,152,152,0.006535947712418301,208.99721120935928,152,1
1501_53_rot3,1501_53,VV,3,CA-G8,152,152,0.006535947712418301,74.03904452244667,152,2
1501_53_rot3,1501_53,VV,3,OS8-G8,152,152,0.006535947712418301,247.37579957873194,152,0
1501_53_rot3,1501_53,VV,3,PAMF-H1-K8-G8,152,152,0.006535947712418301,258.00635761867505,152,1
1501_53_rot3,1501_53,VV,3,P-ANMF1-N16,152,152,0.006535947712418301,0.9794142787672926,152,5
1508_24_rot2,1508_24,VV,2,IN-G0,160,160,0.006211180124223602,24.527636713988848,152,8
1508_24_rot2,1508_24,VV,2,CA-G0,160,160,0.006211180124223602,11.656168974060765,152,0
1508_24_rot2,1508_24,VV,2,OS8-G0,160,160,0.006211180124223602,85.92438314348695,152,2
1508_24_rot2,1508_24,VV,2,IN-G8,160,160,0.006211180124223602,21.772658190326215,152,8
1508_24_rot2,1508_24,VV,2,CA-G8,160,160,0.006211180124223602,95.14843409062374,152,0
1508_24_rot2,1508_24,VV,2,OS8-G8,160,160,0.006211180124223602,248.34943211389282,152,1
1508_24_rot2,1508_24,VV,2,PAMF-H1-K8-G8,160,160,0.006211180124223602,77.92268627355233,152,9
1508_24_rot2,1508_24,VV,2,P-ANMF1-N16,160,160,0.006211180124223602,0.9875219787470194,152,2
1508_24_rot3,1508_24,VV,3,IN-G0,152,152,0.006535947712418301,640.5021108777179,152,0
1508_24_rot3,1508_24,VV,3,CA-G0,152,152,0.006535947712418301,11.338080199376105,152,3
1508_24_rot3,1508_24,VV,3,OS8-G0,152,152,0.006535947712418301,130.77087044402822,152,1
1508_24_rot3,1508_24,VV,3,IN-G8,152,152,0.006535947712418301,643.9139875823664,152,0
1508_24_rot3,1508_24,VV,3,CA-G8,152,152,0.006535947712418301,75.59904651449227,152,2
1508_24_rot3,1508_24,VV,3,OS8-G8,152,152,0.006535947712418301,323.9716215278582,152,0
1508_24_rot3,1508_24,VV,3,PAMF-H1-K8-G8,152,152,0.006535947712418301,552.8188667618334,152,0
1508_24_rot3,1508_24,VV,3,P-ANMF1-N16,152,152,0.006535947712418301,0.9935726095180438,152,0
1512_14_rot2,1512_14,VV,2,IN-G0,160,160,0.006211180124223602,495.65831161624857,152,0
1512_14_rot2,1512_14,VV,2,CA-G0,160,160,0.006211180124223602,18.433883445656907,152,0
1512_14_rot2,1512_14,VV,2,OS8-G0,160,160,0.006211180124223602,152.52488160982577,152,0
1512_14_rot2,1512_14,VV,2,IN-G8,160,160,0.006211180124223602,576.2203678202657,152,0
1512_14_rot2,1512_14,VV,2,CA-G8,160,160,0.006211180124223602,127.03620870944592,152,1
1512_14_rot2,1512_14,VV,2,OS8-G8,160,160,0.006211180124223602,712.1648068128578,152,0
1512_14_rot2,1512_14,VV,2,PAMF-H1-K8-G8,160,160,0.006211180124223602,350.28328063966603,152,0
1512_14_rot2,1512_14,VV,2,P-ANMF1-N16,160,160,0.006211180124223602,0.9805152732929182,152,8
1512_14_rot3,1512_14,VV,3,IN-G0,152,152,0.006535947712418301,17.084320848497917,152,0
1512_14_rot3,1512_14,VV,3,CA-G0,152,152,0.006535947712418301,13.732521644087727,152,0
1512_14_rot3,1512_14,VV,3,OS8-G0,152,152,0.006535947712418301,101.03995790699683,152,0
1512_14_rot3,1512_14,VV,3,IN-G8,152,152,0.006535947712418301,29.929567145777376,152,0
1512_14_rot3,1512_14,VV,3,CA-G8,152,152,0.006535947712418301,155.35848296513674,152,0
1512_14_rot3,1512_14,VV,3,OS8-G8,152,152,0.006535947712418301,340.50109773132135,152,0
1512_14_rot3,1512_14,VV,3,PAMF-H1-K8-G8,152,152,0.006535947712418301,229.5355444154476,152,0
1512_14_rot3,1512_14,VV,3,P-ANMF1-N16,152,152,0.006535947712418301,0.9938619666575482,152,0
1518_58_rot2,1518_58,VV,2,IN-G0,160,160,0.006211180124223602,27.2831745022537,152,12
1518_58_rot2,1518_58,VV,2,CA-G0,160,160,0.006211180124223602,11.681195056002192,152,0
1518_58_rot2,1518_58,VV,2,OS8-G0,160,160,0.006211180124223602,142.05050172369485,152,0
1518_58_rot2,1518_58,VV,2,IN-G8,160,160,0.006211180124223602,23.43095055029476,152,13
1518_58_rot2,1518_58,VV,2,CA-G8,160,160,0.006211180124223602,158.92500666021448,152,0
1518_58_rot2,1518_58,VV,2,OS8-G8,160,160,0.006211180124223602,421.9717526750128,152,0
1518_58_rot2,1518_58,VV,2,PAMF-H1-K8-G8,160,160,0.006211180124223602,200.77375063412848,152,2
1518_58_rot2,1518_58,VV,2,P-ANMF1-N16,160,160,0.006211180124223602,0.9944476539028149,152,0
1518_58_rot3,1518_58,VV,3,IN-G0,152,152,0.006535947712418301,541.5560591581872,152,0
1518_58_rot3,1518_58,VV,3,CA-G0,152,152,0.006535947712418301,11.673546935070881,152,1
1518_58_rot3,1518_58,VV,3,OS8-G0,152,152,0.006535947712418301,107.08695939272407,152,0
1518_58_rot3,1518_58,VV,3,IN-G8,152,152,0.006535947712418301,673.3226934546145,152,0
1518_58_rot3,1518_58,VV,3,CA-G8,152,152,0.006535947712418301,96.89116212249299,152,3
1518_58_rot3,1518_58,VV,3,OS8-G8,152,152,0.006535947712418301,292.4206433404845,152,1
1518_58_rot3,1518_58,VV,3,PAMF-H1-K8-G8,152,152,0.006535947712418301,495.3323474428126,152,0
1518_58_rot3,1518_58,VV,3,P-ANMF1-N16,152,152,0.006535947712418301,0.9895170088070063,152,0
