rotation,test_record,train_record,calibration_record,method,association_variant,endpoint,hits,eligible,rate,threshold,background_hits,background_eligible,background_rate,background_over_alpha,training_r_magnitude,correlation_gate,calibration_units
1,2019_04_09_pms1000,2019_04_09_pms2000,2019_04_09_pms3000,IN-G0,margin0.5_time0,presence,16,121,0.1322314049586777,8.187093014480961,2,888,0.0022522522522522522,0.22522522522522523,0.039008372391430284,False,810
1,2019_04_09_pms1000,2019_04_09_pms2000,2019_04_09_pms3000,IN-G0,margin0.5_time0,clean_entry,0,0,,8.187093014480961,2,888,0.0022522522522522522,0.22522522522522523,0.039008372391430284,False,810
1,2019_04_09_pms1000,2019_04_09_pms2000,2019_04_09_pms3000,IN-G0,margin0.5_time3,presence,16,131,0.12213740458015267,8.187093014480961,2,888,0.0022522522522522522,0.22522522522522523,0.039008372391430284,False,810
1,2019_04_09_pms1000,2019_04_09_pms2000,2019_04_09_pms3000,IN-G0,margin0.5_time3,clean_entry,0,0,,8.187093014480961,2,888,0.0022522522522522522,0.22522522522522523,0.039008372391430284,False,810
1,2019_04_09_pms1000,2019_04_09_pms2000,2019_04_09_pms3000,IN-G0,margin1_time0,presence,16,167,0.09580838323353294,8.187093014480961,2,888,0.0022522522522522522,0.22522522522522523,0.039008372391430284,False,810
1,2019_04_09_pms1000,2019_04_09_pms2000,2019_04_09_pms3000,IN-G0,margin1_time0,clean_entry,0,1,0.0,8.187093014480961,2,888,0.0022522522522522522,0.22522522522522523,0.039008372391430284,False,810
1,2019_04_09_pms1000,2019_04_09_pms2000,2019_04_09_pms3000,IN-G0,margin1_time3,presence,16,178,0.0898876404494382,8.187093014480961,2,888,0.0022522522522522522,0.22522522522522523,0.039008372391430284,False,810
1,2019_04_09_pms1000,2019_04_09_pms2000,2019_04_09_pms3000,IN-G0,margin1_time3,clean_entry,0,3,0.0,8.187093014480961,2,888,0.0022522522522522522,0.22522522522522523,0.039008372391430284,False,810
1,2019_04_09_pms1000,2019_04_09_pms2000,2019_04_09_pms3000,CA-G0,margin0.5_time0,presence,17,121,0.14049586776859505,8.195884903976554,2,888,0.0022522522522522522,0.22522522522522523,0.039008372391430284,False,810
1,2019_04_09_pms1000,2019_04_09_pms2000,2019_04_09_pms3000,CA-G0,margin0.5_time0,clean_entry,0,0,,8.195884903976554,2,888,0.0022522522522522522,0.22522522522522523,0.039008372391430284,False,810
1,2019_04_09_pms1000,2019_04_09_pms2000,2019_04_09_pms3000,CA-G0,margin0.5_time3,presence,17,131,0.1297709923664122,8.195884903976554,2,888,0.0022522522522522522,0.22522522522522523,0.039008372391430284,False,810
1,2019_04_09_pms1000,2019_04_09_pms2000,2019_04_09_pms3000,CA-G0,margin0.5_time3,clean_entry,0,0,,8.195884903976554,2,888,0.0022522522522522522,0.22522522522522523,0.039008372391430284,False,810
1,2019_04_09_pms1000,2019_04_09_pms2000,2019_04_09_pms3000,CA-G0,margin1_time0,presence,17,167,0.10179640718562874,8.195884903976554,2,888,0.0022522522522522522,0.22522522522522523,0.039008372391430284,False,810
1,2019_04_09_pms1000,2019_04_09_pms2000,2019_04_09_pms3000,CA-G0,margin1_time0,clean_entry,0,1,0.0,8.195884903976554,2,888,0.0022522522522522522,0.22522522522522523,0.039008372391430284,False,810
1,2019_04_09_pms1000,2019_04_09_pms2000,2019_04_09_pms3000,CA-G0,margin1_time3,presence,17,178,0.09550561797752809,8.195884903976554,2,888,0.0022522522522522522,0.22522522522522523,0.039008372391430284,False,810
1,2019_04_09_pms1000,2019_04_09_pms2000,2019_04_09_pms3000,CA-G0,margin1_time3,clean_entry,0,3,0.0,8.195884903976554,2,888,0.0022522522522522522,0.22522522522522523,0.039008372391430284,False,810
1,2019_04_09_pms1000,2019_04_09_pms2000,2019_04_09_pms3000,OS8-G0,margin0.5_time0,presence,21,121,0.17355371900826447,14.712739500097594,10,888,0.01126126126126126,1.126126126126126,0.039008372391430284,False,810
1,2019_04_09_pms1000,2019_04_09_pms2000,2019_04_09_pms3000,OS8-G0,margin0.5_time0,clean_entry,0,0,,14.712739500097594,10,888,0.01126126126126126,1.126126126126126,0.039008372391430284,False,810
1,2019_04_09_pms1000,2019_04_09_pms2000,2019_04_09_pms3000,OS8-G0,margin0.5_time3,presence,21,131,0.16030534351145037,14.712739500097594,10,888,0.01126126126126126,1.126126126126126,0.039008372391430284,False,810
1,2019_04_09_pms1000,2019_04_09_pms2000,2019_04_09_pms3000,OS8-G0,margin0.5_time3,clean_entry,0,0,,14.712739500097594,10,888,0.01126126126126126,1.126126126126126,0.039008372391430284,False,810
1,2019_04_09_pms1000,2019_04_09_pms2000,2019_04_09_pms3000,OS8-G0,margin1_time0,presence,22,167,0.1317365269461078,14.712739500097594,10,888,0.01126126126126126,1.126126126126126,0.039008372391430284,False,810
1,2019_04_09_pms1000,2019_04_09_pms2000,2019_04_09_pms3000,OS8-G0,margin1_time0,clean_entry,0,1,0.0,14.712739500097594,10,888,0.01126126126126126,1.126126126126126,0.039008372391430284,False,810
1,2019_04_09_pms1000,2019_04_09_pms2000,2019_04_09_pms3000,OS8-G0,margin1_time3,presence,22,178,0.12359550561797752,14.712739500097594,10,888,0.01126126126126126,1.126126126126126,0.039008372391430284,False,810
1,2019_04_09_pms1000,2019_04_09_pms2000,2019_04_09_pms3000,OS8-G0,margin1_time3,clean_entry,0,3,0.0,14.712739500097594,10,888,0.01126126126126126,1.126126126126126,0.039008372391430284,False,810
1,2019_04_09_pms1000,2019_04_09_pms2000,2019_04_09_pms3000,IN-G8,margin0.5_time0,presence,25,121,0.2066115702479339,7.9659453005622485,6,888,0.006756756756756757,0.6756756756756757,0.039008372391430284,False,810
1,2019_04_09_pms1000,2019_04_09_pms2000,2019_04_09_pms3000,IN-G8,margin0.5_time0,clean_entry,0,0,,7.9659453005622485,6,888,0.006756756756756757,0.6756756756756757,0.039008372391430284,False,810
1,2019_04_09_pms1000,2019_04_09_pms2000,2019_04_09_pms3000,IN-G8,margin0.5_time3,presence,25,131,0.19083969465648856,7.9659453005622485,6,888,0.006756756756756757,0.6756756756756757,0.039008372391430284,False,810
1,2019_04_09_pms1000,2019_04_09_pms2000,2019_04_09_pms3000,IN-G8,margin0.5_time3,clean_entry,0,0,,7.9659453005622485,6,888,0.006756756756756757,0.6756756756756757,0.039008372391430284,False,810
1,2019_04_09_pms1000,2019_04_09_pms2000,2019_04_09_pms3000,IN-G8,margin1_time0,presence,25,167,0.1497005988023952,7.9659453005622485,6,888,0.006756756756756757,0.6756756756756757,0.039008372391430284,False,810
1,2019_04_09_pms1000,2019_04_09_pms2000,2019_04_09_pms3000,IN-G8,margin1_time0,clean_entry,0,1,0.0,7.9659453005622485,6,888,0.006756756756756757,0.6756756756756757,0.039008372391430284,False,810
1,2019_04_09_pms1000,2019_04_09_pms2000,2019_04_09_pms3000,IN-G8,margin1_time3,presence,25,178,0.1404494382022472,7.9659453005622485,6,888,0.006756756756756757,0.6756756756756757,0.039008372391430284,False,810
1,2019_04_09_pms1000,2019_04_09_pms2000,2019_04_09_pms3000,IN-G8,margin1_time3,clean_entry,0,3,0.0,7.9659453005622485,6,888,0.006756756756756757,0.6756756756756757,0.039008372391430284,False,810
1,2019_04_09_pms1000,2019_04_09_pms2000,2019_04_09_pms3000,CA-G8,margin0.5_time0,presence,27,121,0.2231404958677686,7.734465946570087,7,888,0.007882882882882882,0.7882882882882882,0.039008372391430284,False,810
1,2019_04_09_pms1000,2019_04_09_pms2000,2019_04_09_pms3000,CA-G8,margin0.5_time0,clean_entry,0,0,,7.734465946570087,7,888,0.007882882882882882,0.7882882882882882,0.039008372391430284,False,810
1,2019_04_09_pms1000,2019_04_09_pms2000,2019_04_09_pms3000,CA-G8,margin0.5_time3,presence,27,131,0.20610687022900764,7.734465946570087,7,888,0.007882882882882882,0.7882882882882882,0.039008372391430284,False,810
1,2019_04_09_pms1000,2019_04_09_pms2000,2019_04_09_pms3000,CA-G8,margin0.5_time3,clean_entry,0,0,,7.734465946570087,7,888,0.007882882882882882,0.7882882882882882,0.039008372391430284,False,810
1,2019_04_09_pms1000,2019_04_09_pms2000,2019_04_09_pms3000,CA-G8,margin1_time0,presence,27,167,0.16167664670658682,7.734465946570087,7,888,0.007882882882882882,0.7882882882882882,0.039008372391430284,False,810
1,2019_04_09_pms1000,2019_04_09_pms2000,2019_04_09_pms3000,CA-G8,margin1_time0,clean_entry,0,1,0.0,7.734465946570087,7,888,0.007882882882882882,0.7882882882882882,0.039008372391430284,False,810
1,2019_04_09_pms1000,2019_04_09_pms2000,2019_04_09_pms3000,CA-G8,margin1_time3,presence,27,178,0.15168539325842698,7.734465946570087,7,888,0.007882882882882882,0.7882882882882882,0.039008372391430284,False,810
1,2019_04_09_pms1000,2019_04_09_pms2000,2019_04_09_pms3000,CA-G8,margin1_time3,clean_entry,0,3,0.0,7.734465946570087,7,888,0.007882882882882882,0.7882882882882882,0.039008372391430284,False,810
1,2019_04_09_pms1000,2019_04_09_pms2000,2019_04_09_pms3000,OS8-G8,margin0.5_time0,presence,26,121,0.21487603305785125,15.020361432409507,10,888,0.01126126126126126,1.126126126126126,0.039008372391430284,False,810
1,2019_04_09_pms1000,2019_04_09_pms2000,2019_04_09_pms3000,OS8-G8,margin0.5_time0,clean_entry,0,0,,15.020361432409507,10,888,0.01126126126126126,1.126126126126126,0.039008372391430284,False,810
1,2019_04_09_pms1000,2019_04_09_pms2000,2019_04_09_pms3000,OS8-G8,margin0.5_time3,presence,26,131,0.1984732824427481,15.020361432409507,10,888,0.01126126126126126,1.126126126126126,0.039008372391430284,False,810
1,2019_04_09_pms1000,2019_04_09_pms2000,2019_04_09_pms3000,OS8-G8,margin0.5_time3,clean_entry,0,0,,15.020361432409507,10,888,0.01126126126126126,1.126126126126126,0.039008372391430284,False,810
1,2019_04_09_pms1000,2019_04_09_pms2000,2019_04_09_pms3000,OS8-G8,margin1_time0,presence,27,167,0.16167664670658682,15.020361432409507,10,888,0.01126126126126126,1.126126126126126,0.039008372391430284,False,810
1,2019_04_09_pms1000,2019_04_09_pms2000,2019_04_09_pms3000,OS8-G8,margin1_time0,clean_entry,0,1,0.0,15.020361432409507,10,888,0.01126126126126126,1.126126126126126,0.039008372391430284,False,810
1,2019_04_09_pms1000,2019_04_09_pms2000,2019_04_09_pms3000,OS8-G8,margin1_time3,presence,27,178,0.15168539325842698,15.020361432409507,10,888,0.01126126126126126,1.126126126126126,0.039008372391430284,False,810
1,2019_04_09_pms1000,2019_04_09_pms2000,2019_04_09_pms3000,OS8-G8,margin1_time3,clean_entry,0,3,0.0,15.020361432409507,10,888,0.01126126126126126,1.126126126126126,0.039008372391430284,False,810
1,2019_04_09_pms1000,2019_04_09_pms2000,2019_04_09_pms3000,P-ANMF1-N16,margin0.5_time0,presence,0,121,0.0,0.9687469760127715,42,888,0.0472972972972973,4.72972972972973,0.039008372391430284,False,810
1,2019_04_09_pms1000,2019_04_09_pms2000,2019_04_09_pms3000,P-ANMF1-N16,margin0.5_time0,clean_entry,0,0,,0.9687469760127715,42,888,0.0472972972972973,4.72972972972973,0.039008372391430284,False,810
1,2019_04_09_pms1000,2019_04_09_pms2000,2019_04_09_pms3000,P-ANMF1-N16,margin0.5_time3,presence,0,131,0.0,0.9687469760127715,42,888,0.0472972972972973,4.72972972972973,0.039008372391430284,False,810
1,2019_04_09_pms1000,2019_04_09_pms2000,2019_04_09_pms3000,P-ANMF1-N16,margin0.5_time3,clean_entry,0,0,,0.9687469760127715,42,888,0.0472972972972973,4.72972972972973,0.039008372391430284,False,810
1,2019_04_09_pms1000,2019_04_09_pms2000,2019_04_09_pms3000,P-ANMF1-N16,margin1_time0,presence,1,167,0.005988023952095809,0.9687469760127715,42,888,0.0472972972972973,4.72972972972973,0.039008372391430284,False,810
1,2019_04_09_pms1000,2019_04_09_pms2000,2019_04_09_pms3000,P-ANMF1-N16,margin1_time0,clean_entry,0,1,0.0,0.9687469760127715,42,888,0.0472972972972973,4.72972972972973,0.039008372391430284,False,810
1,2019_04_09_pms1000,2019_04_09_pms2000,2019_04_09_pms3000,P-ANMF1-N16,margin1_time3,presence,1,178,0.0056179775280898875,0.9687469760127715,42,888,0.0472972972972973,4.72972972972973,0.039008372391430284,False,810
1,2019_04_09_pms1000,2019_04_09_pms2000,2019_04_09_pms3000,P-ANMF1-N16,margin1_time3,clean_entry,0,3,0.0,0.9687469760127715,42,888,0.0472972972972973,4.72972972972973,0.039008372391430284,False,810
2,2019_04_09_pms2000,2019_04_09_pms3000,2019_04_09_pms1000,IN-G0,margin0.5_time0,presence,40,164,0.24390243902439024,7.232234420284742,12,846,0.014184397163120567,1.4184397163120566,0.01995391163457546,False,888
2,2019_04_09_pms2000,2019_04_09_pms3000,2019_04_09_pms1000,IN-G0,margin0.5_time0,clean_entry,0,0,,7.232234420284742,12,846,0.014184397163120567,1.4184397163120566,0.01995391163457546,False,888
2,2019_04_09_pms2000,2019_04_09_pms3000,2019_04_09_pms1000,IN-G0,margin0.5_time3,presence,40,173,0.23121387283236994,7.232234420284742,12,846,0.014184397163120567,1.4184397163120566,0.01995391163457546,False,888
2,2019_04_09_pms2000,2019_04_09_pms3000,2019_04_09_pms1000,IN-G0,margin0.5_time3,clean_entry,0,0,,7.232234420284742,12,846,0.014184397163120567,1.4184397163120566,0.01995391163457546,False,888
2,2019_04_09_pms2000,2019_04_09_pms3000,2019_04_09_pms1000,IN-G0,margin1_time0,presence,41,213,0.19248826291079812,7.232234420284742,12,846,0.014184397163120567,1.4184397163120566,0.01995391163457546,False,888
2,2019_04_09_pms2000,2019_04_09_pms3000,2019_04_09_pms1000,IN-G0,margin1_time0,clean_entry,0,4,0.0,7.232234420284742,12,846,0.014184397163120567,1.4184397163120566,0.01995391163457546,False,888
2,2019_04_09_pms2000,2019_04_09_pms3000,2019_04_09_pms1000,IN-G0,margin1_time3,presence,41,216,0.18981481481481483,7.232234420284742,12,846,0.014184397163120567,1.4184397163120566,0.01995391163457546,False,888
2,2019_04_09_pms2000,2019_04_09_pms3000,2019_04_09_pms1000,IN-G0,margin1_time3,clean_entry,0,5,0.0,7.232234420284742,12,846,0.014184397163120567,1.4184397163120566,0.01995391163457546,False,888
2,2019_04_09_pms2000,2019_04_09_pms3000,2019_04_09_pms1000,CA-G0,margin0.5_time0,presence,39,164,0.23780487804878048,7.304600911986876,11,846,0.013002364066193853,1.3002364066193852,0.01995391163457546,False,888
2,2019_04_09_pms2000,2019_04_09_pms3000,2019_04_09_pms1000,CA-G0,margin0.5_time0,clean_entry,0,0,,7.304600911986876,11,846,0.013002364066193853,1.3002364066193852,0.01995391163457546,False,888
2,2019_04_09_pms2000,2019_04_09_pms3000,2019_04_09_pms1000,CA-G0,margin0.5_time3,presence,39,173,0.2254335260115607,7.304600911986876,11,846,0.013002364066193853,1.3002364066193852,0.01995391163457546,False,888
2,2019_04_09_pms2000,2019_04_09_pms3000,2019_04_09_pms1000,CA-G0,margin0.5_time3,clean_entry,0,0,,7.304600911986876,11,846,0.013002364066193853,1.3002364066193852,0.01995391163457546,False,888
2,2019_04_09_pms2000,2019_04_09_pms3000,2019_04_09_pms1000,CA-G0,margin1_time0,presence,40,213,0.18779342723004694,7.304600911986876,11,846,0.013002364066193853,1.3002364066193852,0.01995391163457546,False,888
2,2019_04_09_pms2000,2019_04_09_pms3000,2019_04_09_pms1000,CA-G0,margin1_time0,clean_entry,0,4,0.0,7.304600911986876,11,846,0.013002364066193853,1.3002364066193852,0.01995391163457546,False,888
2,2019_04_09_pms2000,2019_04_09_pms3000,2019_04_09_pms1000,CA-G0,margin1_time3,presence,40,216,0.18518518518518517,7.304600911986876,11,846,0.013002364066193853,1.3002364066193852,0.01995391163457546,False,888
2,2019_04_09_pms2000,2019_04_09_pms3000,2019_04_09_pms1000,CA-G0,margin1_time3,clean_entry,0,5,0.0,7.304600911986876,11,846,0.013002364066193853,1.3002364066193852,0.01995391163457546,False,888
2,2019_04_09_pms2000,2019_04_09_pms3000,2019_04_09_pms1000,OS8-G0,margin0.5_time0,presence,40,164,0.24390243902439024,15.844722949914134,9,846,0.010638297872340425,1.0638297872340425,0.01995391163457546,False,888
2,2019_04_09_pms2000,2019_04_09_pms3000,2019_04_09_pms1000,OS8-G0,margin0.5_time0,clean_entry,0,0,,15.844722949914134,9,846,0.010638297872340425,1.0638297872340425,0.01995391163457546,False,888
2,2019_04_09_pms2000,2019_04_09_pms3000,2019_04_09_pms1000,OS8-G0,margin0.5_time3,presence,40,173,0.23121387283236994,15.844722949914134,9,846,0.010638297872340425,1.0638297872340425,0.01995391163457546,False,888
2,2019_04_09_pms2000,2019_04_09_pms3000,2019_04_09_pms1000,OS8-G0,margin0.5_time3,clean_entry,0,0,,15.844722949914134,9,846,0.010638297872340425,1.0638297872340425,0.01995391163457546,False,888
2,2019_04_09_pms2000,2019_04_09_pms3000,2019_04_09_pms1000,OS8-G0,margin1_time0,presence,40,213,0.18779342723004694,15.844722949914134,9,846,0.010638297872340425,1.0638297872340425,0.01995391163457546,False,888
2,2019_04_09_pms2000,2019_04_09_pms3000,2019_04_09_pms1000,OS8-G0,margin1_time0,clean_entry,0,4,0.0,15.844722949914134,9,846,0.010638297872340425,1.0638297872340425,0.01995391163457546,False,888
2,2019_04_09_pms2000,2019_04_09_pms3000,2019_04_09_pms1000,OS8-G0,margin1_time3,presence,40,216,0.18518518518518517,15.844722949914134,9,846,0.010638297872340425,1.0638297872340425,0.01995391163457546,False,888
2,2019_04_09_pms2000,2019_04_09_pms3000,2019_04_09_pms1000,OS8-G0,margin1_time3,clean_entry,0,5,0.0,15.844722949914134,9,846,0.010638297872340425,1.0638297872340425,0.01995391163457546,False,888
2,2019_04_09_pms2000,2019_04_09_pms3000,2019_04_09_pms1000,IN-G8,margin0.5_time0,presence,61,164,0.3719512195121951,8.258651735539472,10,846,0.01182033096926714,1.1820330969267139,0.01995391163457546,False,888
2,2019_04_09_pms2000,2019_04_09_pms3000,2019_04_09_pms1000,IN-G8,margin0.5_time0,clean_entry,0,0,,8.258651735539472,10,846,0.01182033096926714,1.1820330969267139,0.01995391163457546,False,888
2,2019_04_09_pms2000,2019_04_09_pms3000,2019_04_09_pms1000,IN-G8,margin0.5_time3,presence,61,173,0.35260115606936415,8.258651735539472,10,846,0.01182033096926714,1.1820330969267139,0.01995391163457546,False,888
2,2019_04_09_pms2000,2019_04_09_pms3000,2019_04_09_pms1000,IN-G8,margin0.5_time3,clean_entry,0,0,,8.258651735539472,10,846,0.01182033096926714,1.1820330969267139,0.01995391163457546,False,888
2,2019_04_09_pms2000,2019_04_09_pms3000,2019_04_09_pms1000,IN-G8,margin1_time0,presence,63,213,0.29577464788732394,8.258651735539472,10,846,0.01182033096926714,1.1820330969267139,0.01995391163457546,False,888
2,2019_04_09_pms2000,2019_04_09_pms3000,2019_04_09_pms1000,IN-G8,margin1_time0,clean_entry,0,4,0.0,8.258651735539472,10,846,0.01182033096926714,1.1820330969267139,0.01995391163457546,False,888
2,2019_04_09_pms2000,2019_04_09_pms3000,2019_04_09_pms1000,IN-G8,margin1_time3,presence,63,216,0.2916666666666667,8.258651735539472,10,846,0.01182033096926714,1.1820330969267139,0.01995391163457546,False,888
2,2019_04_09_pms2000,2019_04_09_pms3000,2019_04_09_pms1000,IN-G8,margin1_time3,clean_entry,0,5,0.0,8.258651735539472,10,846,0.01182033096926714,1.1820330969267139,0.01995391163457546,False,888
2,2019_04_09_pms2000,2019_04_09_pms3000,2019_04_09_pms1000,CA-G8,margin0.5_time0,presence,61,164,0.3719512195121951,8.235993187208331,11,846,0.013002364066193853,1.3002364066193852,0.01995391163457546,False,888
2,2019_04_09_pms2000,2019_04_09_pms3000,2019_04_09_pms1000,CA-G8,margin0.5_time0,clean_entry,0,0,,8.235993187208331,11,846,0.013002364066193853,1.3002364066193852,0.01995391163457546,False,888
2,2019_04_09_pms2000,2019_04_09_pms3000,2019_04_09_pms1000,CA-G8,margin0.5_time3,presence,61,173,0.35260115606936415,8.235993187208331,11,846,0.013002364066193853,1.3002364066193852,0.01995391163457546,False,888
2,2019_04_09_pms2000,2019_04_09_pms3000,2019_04_09_pms1000,CA-G8,margin0.5_time3,clean_entry,0,0,,8.235993187208331,11,846,0.013002364066193853,1.3002364066193852,0.01995391163457546,False,888
2,2019_04_09_pms2000,2019_04_09_pms3000,2019_04_09_pms1000,CA-G8,margin1_time0,presence,63,213,0.29577464788732394,8.235993187208331,11,846,0.013002364066193853,1.3002364066193852,0.01995391163457546,False,888
2,2019_04_09_pms2000,2019_04_09_pms3000,2019_04_09_pms1000,CA-G8,margin1_time0,clean_entry,0,4,0.0,8.235993187208331,11,846,0.013002364066193853,1.3002364066193852,0.01995391163457546,False,888
2,2019_04_09_pms2000,2019_04_09_pms3000,2019_04_09_pms1000,CA-G8,margin1_time3,presence,63,216,0.2916666666666667,8.235993187208331,11,846,0.013002364066193853,1.3002364066193852,0.01995391163457546,False,888
2,2019_04_09_pms2000,2019_04_09_pms3000,2019_04_09_pms1000,CA-G8,margin1_time3,clean_entry,0,5,0.0,8.235993187208331,11,846,0.013002364066193853,1.3002364066193852,0.01995391163457546,False,888
2,2019_04_09_pms2000,2019_04_09_pms3000,2019_04_09_pms1000,OS8-G8,margin0.5_time0,presence,61,164,0.3719512195121951,16.025070891065933,7,846,0.008274231678486997,0.8274231678486997,0.01995391163457546,False,888
2,2019_04_09_pms2000,2019_04_09_pms3000,2019_04_09_pms1000,OS8-G8,margin0.5_time0,clean_entry,0,0,,16.025070891065933,7,846,0.008274231678486997,0.8274231678486997,0.01995391163457546,False,888
2,2019_04_09_pms2000,2019_04_09_pms3000,2019_04_09_pms1000,OS8-G8,margin0.5_time3,presence,61,173,0.35260115606936415,16.025070891065933,7,846,0.008274231678486997,0.8274231678486997,0.01995391163457546,False,888
2,2019_04_09_pms2000,2019_04_09_pms3000,2019_04_09_pms1000,OS8-G8,margin0.5_time3,clean_entry,0,0,,16.025070891065933,7,846,0.008274231678486997,0.8274231678486997,0.01995391163457546,False,888
2,2019_04_09_pms2000,2019_04_09_pms3000,2019_04_09_pms1000,OS8-G8,margin1_time0,presence,62,213,0.29107981220657275,16.025070891065933,7,846,0.008274231678486997,0.8274231678486997,0.01995391163457546,False,888
2,2019_04_09_pms2000,2019_04_09_pms3000,2019_04_09_pms1000,OS8-G8,margin1_time0,clean_entry,0,4,0.0,16.025070891065933,7,846,0.008274231678486997,0.8274231678486997,0.01995391163457546,False,888
2,2019_04_09_pms2000,2019_04_09_pms3000,2019_04_09_pms1000,OS8-G8,margin1_time3,presence,62,216,0.28703703703703703,16.025070891065933,7,846,0.008274231678486997,0.8274231678486997,0.01995391163457546,False,888
2,2019_04_09_pms2000,2019_04_09_pms3000,2019_04_09_pms1000,OS8-G8,margin1_time3,clean_entry,0,5,0.0,16.025070891065933,7,846,0.008274231678486997,0.8274231678486997,0.01995391163457546,False,888
2,2019_04_09_pms2000,2019_04_09_pms3000,2019_04_09_pms1000,P-ANMF1-N16,margin0.5_time0,presence,0,164,0.0,0.9767444222502463,5,846,0.00591016548463357,0.5910165484633569,0.01995391163457546,False,888
2,2019_04_09_pms2000,2019_04_09_pms3000,2019_04_09_pms1000,P-ANMF1-N16,margin0.5_time0,clean_entry,0,0,,0.9767444222502463,5,846,0.00591016548463357,0.5910165484633569,0.01995391163457546,False,888
2,2019_04_09_pms2000,2019_04_09_pms3000,2019_04_09_pms1000,P-ANMF1-N16,margin0.5_time3,presence,0,173,0.0,0.9767444222502463,5,846,0.00591016548463357,0.5910165484633569,0.01995391163457546,False,888
2,2019_04_09_pms2000,2019_04_09_pms3000,2019_04_09_pms1000,P-ANMF1-N16,margin0.5_time3,clean_entry,0,0,,0.9767444222502463,5,846,0.00591016548463357,0.5910165484633569,0.01995391163457546,False,888
2,2019_04_09_pms2000,2019_04_09_pms3000,2019_04_09_pms1000,P-ANMF1-N16,margin1_time0,presence,1,213,0.004694835680751174,0.9767444222502463,5,846,0.00591016548463357,0.5910165484633569,0.01995391163457546,False,888
2,2019_04_09_pms2000,2019_04_09_pms3000,2019_04_09_pms1000,P-ANMF1-N16,margin1_time0,clean_entry,0,4,0.0,0.9767444222502463,5,846,0.00591016548463357,0.5910165484633569,0.01995391163457546,False,888
2,2019_04_09_pms2000,2019_04_09_pms3000,2019_04_09_pms1000,P-ANMF1-N16,margin1_time3,presence,1,216,0.004629629629629629,0.9767444222502463,5,846,0.00591016548463357,0.5910165484633569,0.01995391163457546,False,888
2,2019_04_09_pms2000,2019_04_09_pms3000,2019_04_09_pms1000,P-ANMF1-N16,margin1_time3,clean_entry,0,5,0.0,0.9767444222502463,5,846,0.00591016548463357,0.5910165484633569,0.01995391163457546,False,888
0,2019_04_09_pms3000,2019_04_09_pms1000,2019_04_09_pms2000,IN-G0,margin0.5_time0,presence,30,206,0.14563106796116504,7.707234372424819,8,810,0.009876543209876543,0.9876543209876543,0.03373465316492517,False,846
0,2019_04_09_pms3000,2019_04_09_pms1000,2019_04_09_pms2000,IN-G0,margin0.5_time0,clean_entry,0,0,,7.707234372424819,8,810,0.009876543209876543,0.9876543209876543,0.03373465316492517,False,846
0,2019_04_09_pms3000,2019_04_09_pms1000,2019_04_09_pms2000,IN-G0,margin0.5_time3,presence,30,219,0.136986301369863,7.707234372424819,8,810,0.009876543209876543,0.9876543209876543,0.03373465316492517,False,846
0,2019_04_09_pms3000,2019_04_09_pms1000,2019_04_09_pms2000,IN-G0,margin0.5_time3,clean_entry,0,0,,7.707234372424819,8,810,0.009876543209876543,0.9876543209876543,0.03373465316492517,False,846
0,2019_04_09_pms3000,2019_04_09_pms1000,2019_04_09_pms2000,IN-G0,margin1_time0,presence,30,257,0.11673151750972763,7.707234372424819,8,810,0.009876543209876543,0.9876543209876543,0.03373465316492517,False,846
0,2019_04_09_pms3000,2019_04_09_pms1000,2019_04_09_pms2000,IN-G0,margin1_time0,clean_entry,0,3,0.0,7.707234372424819,8,810,0.009876543209876543,0.9876543209876543,0.03373465316492517,False,846
0,2019_04_09_pms3000,2019_04_09_pms1000,2019_04_09_pms2000,IN-G0,margin1_time3,presence,30,267,0.11235955056179775,7.707234372424819,8,810,0.009876543209876543,0.9876543209876543,0.03373465316492517,False,846
0,2019_04_09_pms3000,2019_04_09_pms1000,2019_04_09_pms2000,IN-G0,margin1_time3,clean_entry,0,3,0.0,7.707234372424819,8,810,0.009876543209876543,0.9876543209876543,0.03373465316492517,False,846
0,2019_04_09_pms3000,2019_04_09_pms1000,2019_04_09_pms2000,CA-G0,margin0.5_time0,presence,31,206,0.15048543689320387,7.751602558816679,7,810,0.008641975308641974,0.8641975308641975,0.03373465316492517,False,846
0,2019_04_09_pms3000,2019_04_09_pms1000,2019_04_09_pms2000,CA-G0,margin0.5_time0,clean_entry,0,0,,7.751602558816679,7,810,0.008641975308641974,0.8641975308641975,0.03373465316492517,False,846
0,2019_04_09_pms3000,2019_04_09_pms1000,2019_04_09_pms2000,CA-G0,margin0.5_time3,presence,31,219,0.1415525114155251,7.751602558816679,7,810,0.008641975308641974,0.8641975308641975,0.03373465316492517,False,846
0,2019_04_09_pms3000,2019_04_09_pms1000,2019_04_09_pms2000,CA-G0,margin0.5_time3,clean_entry,0,0,,7.751602558816679,7,810,0.008641975308641974,0.8641975308641975,0.03373465316492517,False,846
0,2019_04_09_pms3000,2019_04_09_pms1000,2019_04_09_pms2000,CA-G0,margin1_time0,presence,31,257,0.12062256809338522,7.751602558816679,7,810,0.008641975308641974,0.8641975308641975,0.03373465316492517,False,846
0,2019_04_09_pms3000,2019_04_09_pms1000,2019_04_09_pms2000,CA-G0,margin1_time0,clean_entry,0,3,0.0,7.751602558816679,7,810,0.008641975308641974,0.8641975308641975,0.03373465316492517,False,846
0,2019_04_09_pms3000,2019_04_09_pms1000,2019_04_09_pms2000,CA-G0,margin1_time3,presence,31,267,0.11610486891385768,7.751602558816679,7,810,0.008641975308641974,0.8641975308641975,0.03373465316492517,False,846
0,2019_04_09_pms3000,2019_04_09_pms1000,2019_04_09_pms2000,CA-G0,margin1_time3,clean_entry,0,3,0.0,7.751602558816679,7,810,0.008641975308641974,0.8641975308641975,0.03373465316492517,False,846
0,2019_04_09_pms3000,2019_04_09_pms1000,2019_04_09_pms2000,OS8-G0,margin0.5_time0,presence,34,206,0.1650485436893204,14.503251219514615,6,810,0.007407407407407408,0.7407407407407407,0.03373465316492517,False,846
0,2019_04_09_pms3000,2019_04_09_pms1000,2019_04_09_pms2000,OS8-G0,margin0.5_time0,clean_entry,0,0,,14.503251219514615,6,810,0.007407407407407408,0.7407407407407407,0.03373465316492517,False,846
0,2019_04_09_pms3000,2019_04_09_pms1000,2019_04_09_pms2000,OS8-G0,margin0.5_time3,presence,34,219,0.1552511415525114,14.503251219514615,6,810,0.007407407407407408,0.7407407407407407,0.03373465316492517,False,846
0,2019_04_09_pms3000,2019_04_09_pms1000,2019_04_09_pms2000,OS8-G0,margin0.5_time3,clean_entry,0,0,,14.503251219514615,6,810,0.007407407407407408,0.7407407407407407,0.03373465316492517,False,846
0,2019_04_09_pms3000,2019_04_09_pms1000,2019_04_09_pms2000,OS8-G0,margin1_time0,presence,34,257,0.13229571984435798,14.503251219514615,6,810,0.007407407407407408,0.7407407407407407,0.03373465316492517,False,846
0,2019_04_09_pms3000,2019_04_09_pms1000,2019_04_09_pms2000,OS8-G0,margin1_time0,clean_entry,0,3,0.0,14.503251219514615,6,810,0.007407407407407408,0.7407407407407407,0.03373465316492517,False,846
0,2019_04_09_pms3000,2019_04_09_pms1000,2019_04_09_pms2000,OS8-G0,margin1_time3,presence,34,267,0.12734082397003746,14.503251219514615,6,810,0.007407407407407408,0.7407407407407407,0.03373465316492517,False,846
0,2019_04_09_pms3000,2019_04_09_pms1000,2019_04_09_pms2000,OS8-G0,margin1_time3,clean_entry,0,3,0.0,14.503251219514615,6,810,0.007407407407407408,0.7407407407407407,0.03373465316492517,False,846
0,2019_04_09_pms3000,2019_04_09_pms1000,2019_04_09_pms2000,IN-G8,margin0.5_time0,presence,56,206,0.27184466019417475,8.653523147623117,4,810,0.0049382716049382715,0.49382716049382713,0.03373465316492517,False,846
0,2019_04_09_pms3000,2019_04_09_pms1000,2019_04_09_pms2000,IN-G8,margin0.5_time0,clean_entry,0,0,,8.653523147623117,4,810,0.0049382716049382715,0.49382716049382713,0.03373465316492517,False,846
0,2019_04_09_pms3000,2019_04_09_pms1000,2019_04_09_pms2000,IN-G8,margin0.5_time3,presence,56,219,0.2557077625570776,8.653523147623117,4,810,0.0049382716049382715,0.49382716049382713,0.03373465316492517,False,846
0,2019_04_09_pms3000,2019_04_09_pms1000,2019_04_09_pms2000,IN-G8,margin0.5_time3,clean_entry,0,0,,8.653523147623117,4,810,0.0049382716049382715,0.49382716049382713,0.03373465316492517,False,846
0,2019_04_09_pms3000,2019_04_09_pms1000,2019_04_09_pms2000,IN-G8,margin1_time0,presence,56,257,0.2178988326848249,8.653523147623117,4,810,0.0049382716049382715,0.49382716049382713,0.03373465316492517,False,846
0,2019_04_09_pms3000,2019_04_09_pms1000,2019_04_09_pms2000,IN-G8,margin1_time0,clean_entry,0,3,0.0,8.653523147623117,4,810,0.0049382716049382715,0.49382716049382713,0.03373465316492517,False,846
0,2019_04_09_pms3000,2019_04_09_pms1000,2019_04_09_pms2000,IN-G8,margin1_time3,presence,56,267,0.20973782771535582,8.653523147623117,4,810,0.0049382716049382715,0.49382716049382713,0.03373465316492517,False,846
0,2019_04_09_pms3000,2019_04_09_pms1000,2019_04_09_pms2000,IN-G8,margin1_time3,clean_entry,0,3,0.0,8.653523147623117,4,810,0.0049382716049382715,0.49382716049382713,0.03373465316492517,False,846
0,2019_04_09_pms3000,2019_04_09_pms1000,2019_04_09_pms2000,CA-G8,margin0.5_time0,presence,56,206,0.27184466019417475,8.452310420743853,4,810,0.0049382716049382715,0.49382716049382713,0.03373465316492517,False,846
0,2019_04_09_pms3000,2019_04_09_pms1000,2019_04_09_pms2000,CA-G8,margin0.5_time0,clean_entry,0,0,,8.452310420743853,4,810,0.0049382716049382715,0.49382716049382713,0.03373465316492517,False,846
0,2019_04_09_pms3000,2019_04_09_pms1000,2019_04_09_pms2000,CA-G8,margin0.5_time3,presence,56,219,0.2557077625570776,8.452310420743853,4,810,0.0049382716049382715,0.49382716049382713,0.03373465316492517,False,846
0,2019_04_09_pms3000,2019_04_09_pms1000,2019_04_09_pms2000,CA-G8,margin0.5_time3,clean_entry,0,0,,8.452310420743853,4,810,0.0049382716049382715,0.49382716049382713,0.03373465316492517,False,846
0,2019_04_09_pms3000,2019_04_09_pms1000,2019_04_09_pms2000,CA-G8,margin1_time0,presence,56,257,0.2178988326848249,8.452310420743853,4,810,0.0049382716049382715,0.49382716049382713,0.03373465316492517,False,846
0,2019_04_09_pms3000,2019_04_09_pms1000,2019_04_09_pms2000,CA-G8,margin1_time0,clean_entry,0,3,0.0,8.452310420743853,4,810,0.0049382716049382715,0.49382716049382713,0.03373465316492517,False,846
0,2019_04_09_pms3000,2019_04_09_pms1000,2019_04_09_pms2000,CA-G8,margin1_time3,presence,56,267,0.20973782771535582,8.452310420743853,4,810,0.0049382716049382715,0.49382716049382713,0.03373465316492517,False,846
0,2019_04_09_pms3000,2019_04_09_pms1000,2019_04_09_pms2000,CA-G8,margin1_time3,clean_entry,0,3,0.0,8.452310420743853,4,810,0.0049382716049382715,0.49382716049382713,0.03373465316492517,False,846
0,2019_04_09_pms3000,2019_04_09_pms1000,2019_04_09_pms2000,OS8-G8,margin0.5_time0,presence,59,206,0.28640776699029125,15.91122924027117,3,810,0.003703703703703704,0.37037037037037035,0.03373465316492517,False,846
0,2019_04_09_pms3000,2019_04_09_pms1000,2019_04_09_pms2000,OS8-G8,margin0.5_time0,clean_entry,0,0,,15.91122924027117,3,810,0.003703703703703704,0.37037037037037035,0.03373465316492517,False,846
0,2019_04_09_pms3000,2019_04_09_pms1000,2019_04_09_pms2000,OS8-G8,margin0.5_time3,presence,59,219,0.2694063926940639,15.91122924027117,3,810,0.003703703703703704,0.37037037037037035,0.03373465316492517,False,846
0,2019_04_09_pms3000,2019_04_09_pms1000,2019_04_09_pms2000,OS8-G8,margin0.5_time3,clean_entry,0,0,,15.91122924027117,3,810,0.003703703703703704,0.37037037037037035,0.03373465316492517,False,846
0,2019_04_09_pms3000,2019_04_09_pms1000,2019_04_09_pms2000,OS8-G8,margin1_time0,presence,59,257,0.22957198443579765,15.91122924027117,3,810,0.003703703703703704,0.37037037037037035,0.03373465316492517,False,846
0,2019_04_09_pms3000,2019_04_09_pms1000,2019_04_09_pms2000,OS8-G8,margin1_time0,clean_entry,0,3,0.0,15.91122924027117,3,810,0.003703703703703704,0.37037037037037035,0.03373465316492517,False,846
0,2019_04_09_pms3000,2019_04_09_pms1000,2019_04_09_pms2000,OS8-G8,margin1_time3,presence,59,267,0.2209737827715356,15.91122924027117,3,810,0.003703703703703704,0.37037037037037035,0.03373465316492517,False,846
0,2019_04_09_pms3000,2019_04_09_pms1000,2019_04_09_pms2000,OS8-G8,margin1_time3,clean_entry,0,3,0.0,15.91122924027117,3,810,0.003703703703703704,0.37037037037037035,0.03373465316492517,False,846
0,2019_04_09_pms3000,2019_04_09_pms1000,2019_04_09_pms2000,P-ANMF1-N16,margin0.5_time0,presence,0,206,0.0,0.9917832675674777,0,810,0.0,0.0,0.03373465316492517,False,846
0,2019_04_09_pms3000,2019_04_09_pms1000,2019_04_09_pms2000,P-ANMF1-N16,margin0.5_time0,clean_entry,0,0,,0.9917832675674777,0,810,0.0,0.0,0.03373465316492517,False,846
0,2019_04_09_pms3000,2019_04_09_pms1000,2019_04_09_pms2000,P-ANMF1-N16,margin0.5_time3,presence,0,219,0.0,0.9917832675674777,0,810,0.0,0.0,0.03373465316492517,False,846
0,2019_04_09_pms3000,2019_04_09_pms1000,2019_04_09_pms2000,P-ANMF1-N16,margin0.5_time3,clean_entry,0,0,,0.9917832675674777,0,810,0.0,0.0,0.03373465316492517,False,846
0,2019_04_09_pms3000,2019_04_09_pms1000,2019_04_09_pms2000,P-ANMF1-N16,margin1_time0,presence,0,257,0.0,0.9917832675674777,0,810,0.0,0.0,0.03373465316492517,False,846
0,2019_04_09_pms3000,2019_04_09_pms1000,2019_04_09_pms2000,P-ANMF1-N16,margin1_time0,clean_entry,0,3,0.0,0.9917832675674777,0,810,0.0,0.0,0.03373465316492517,False,846
0,2019_04_09_pms3000,2019_04_09_pms1000,2019_04_09_pms2000,P-ANMF1-N16,margin1_time3,presence,0,267,0.0,0.9917832675674777,0,810,0.0,0.0,0.03373465316492517,False,846
0,2019_04_09_pms3000,2019_04_09_pms1000,2019_04_09_pms2000,P-ANMF1-N16,margin1_time3,clean_entry,0,3,0.0,0.9917832675674777,0,810,0.0,0.0,0.03373465316492517,False,846
