radar,guard,doppler,SCR_dB,look_start,look_end,mean_Pd,CI_low,CI_high,mean_Pfa_over_design
IPIX,0,random,10,1,8,0.24462918710878023,0.21679377882259693,0.2649969663845321,0.9827017425139571
IPIX,0,random,10,9,16,0.0005603958721028591,0.00026199406313931565,0.0009418008718835567,0.9915306208763321
IPIX,0,random,10,17,24,0.00048796734901031973,0.00035601107144289787,0.0006414877478228643,0.9825431399086451
IPIX,0,random,10,25,32,0.0005059423109456944,0.00034848971077861126,0.0007096227504863814,0.9893630519370665
IPIX,0,random,10,41,48,0.0004477880223312468,0.00032091138834289376,0.0005924792095826657,0.9702250042294028
IPIX,0,random,20,1,8,0.2733293858907122,0.26647307590846137,0.2778862309869119,0.9827017425139571
IPIX,0,random,20,9,16,6.344104212485196e-05,3.218699931334401e-05,0.0001075217970889177,0.9915306208763321
IPIX,0,random,20,17,24,6.661309423109456e-05,4.639821830841695e-05,8.89447326704136e-05,0.9825431399086451
IPIX,0,random,20,25,32,7.66579259008628e-05,4.781838849298299e-05,0.00011880644700674686,0.9893630519370665
IPIX,0,random,20,41,48,5.44535611571646e-05,3.196578282321794e-05,8.128383522246659e-05,0.9702250042294028
IPIX,0,matched,10,1,8,0.006979043309084758,0.0004750992819607686,0.018845730561234585,0.9827017425139571
IPIX,0,matched,10,9,16,0.0011868761630857722,0.0007337172798019102,0.0017704505332180429,0.9915306208763321
IPIX,0,matched,10,17,24,0.002732194214176958,0.002494800751375285,0.0029977302204928667,0.9825431399086451
IPIX,0,matched,10,25,32,0.0027692014887497887,0.0024645996989942002,0.00302732722889528,0.9893630519370665
IPIX,0,matched,10,41,48,0.002715276602943664,0.002521006641620824,0.002924035299653188,0.9702250042294028
IPIX,0,matched,20,1,8,0.012826192691591947,7.834750691965182e-05,0.0372349633977445,0.9827017425139571
IPIX,0,matched,20,9,16,0.0001839790221620707,0.00012738558458402817,0.0002497279614666875,0.9915306208763321
IPIX,0,matched,20,17,24,0.00045466080189477244,0.00042099515454078264,0.0004903463880900018,0.9825431399086451
IPIX,0,matched,20,25,32,0.00044831669768228725,0.000414292662590328,0.000495215171771592,0.9893630519370665
IPIX,0,matched,20,41,48,0.0004620622568093385,0.00043134895344156714,0.0005088989767978096,0.9702250042294028
IPIX,0,opposite,10,1,8,0.3559634579597361,0.318668386862758,0.3799528159974327,0.9827017425139571
IPIX,0,opposite,10,9,16,0.0003050456775503299,9.150988808215332e-05,0.0005989695921602538,0.9915306208763321
IPIX,0,opposite,10,17,24,0.00013058281170698696,3.9898467898832685e-05,0.0002679219151882873,0.9825431399086451
IPIX,0,opposite,10,25,32,0.00012582473354762306,3.423061831736586e-05,0.0002638000395700059,0.9893630519370665
IPIX,0,opposite,10,41,48,0.00010203434275080358,3.0085442657146294e-05,0.00021279182879377432,0.9702250042294028
IPIX,0,opposite,20,1,8,0.3755815428861445,0.3631096078105723,0.38386924586163684,0.9827017425139571
IPIX,0,opposite,20,9,16,2.801979360514295e-05,5.641020498214931e-06,6.285860317879047e-05,0.9915306208763321
IPIX,0,opposite,20,17,24,1.533158518017256e-05,4.087238008043685e-06,3.091406713711007e-05,0.9825431399086451
IPIX,0,opposite,20,25,32,1.1102182371849095e-05,2.763530244074991e-06,2.0265888456549934e-05,0.9893630519370665
IPIX,0,opposite,20,41,48,1.1102182371849095e-05,1.253560110714429e-06,2.7307425971113893e-05,0.9702250042294028
IPIX,8,random,10,1,8,0.8237221916765353,0.7596877667652664,0.8780862649925789,1.0027914058534935
IPIX,8,random,10,9,16,0.20334069954322448,0.18974233279205857,0.21857935200742837,1.0360979529690408
IPIX,8,random,10,17,24,0.00047104973777702586,0.00021937301937502505,0.0008279817648222648,1.0011525122652682
IPIX,8,random,10,25,32,0.0004879673490103197,0.0003829345490446599,0.000638375486381323,1.0322386229064455
IPIX,8,random,10,41,48,0.00046417695821350025,0.00035507880194879507,0.0006074137123504828,1.0289608357299949
IPIX,8,random,20,1,8,0.955621405007613,0.9453341398469959,0.9651930231858479,1.0027914058534935
IPIX,8,random,20,9,16,0.2373313525630181,0.23146503174278105,0.24653288989378483,1.0360979529690408
IPIX,8,random,20,17,24,5.1281509050922006e-05,1.614937986381323e-05,0.00010716876607531491,1.0011525122652682
IPIX,8,random,20,25,32,7.82439519539841e-05,5.444567048028341e-05,0.00010922970388445557,1.0322386229064455
IPIX,8,random,20,41,48,4.969548299780071e-05,3.31623629288999e-05,6.61743296540406e-05,1.0289608357299949
IPIX,8,matched,10,1,8,0.07092708509558451,0.02581443000248365,0.14255094638264196,1.0027914058534935
IPIX,8,matched,10,9,16,0.006456712062256809,0.0005020508243411288,0.017462841291301195,1.0360979529690408
IPIX,8,matched,10,17,24,0.0010837844696328879,0.0007107685827750812,0.001624018993602849,1.0011525122652682
IPIX,8,matched,10,25,32,0.002928332769412959,0.0027231045675007197,0.0030918146076523993,1.0322386229064455
IPIX,8,matched,10,41,48,0.002885510065978684,0.0025855007167724757,0.003119151110673299,1.0289608357299949
IPIX,8,matched,20,1,8,0.2985434994078836,0.1977372214361514,0.42055854442944496,1.0027914058534935
IPIX,8,matched,20,9,16,0.012064900186093724,7.116090378493103e-05,0.03505139978895997,1.0360979529690408
IPIX,8,matched,20,17,24,0.00015278717645068516,0.00010575728345813034,0.00023435681266420567,1.0011525122652682
IPIX,8,matched,20,25,32,0.0004446159702250042,0.00038748378728923477,0.0004747787150622271,1.0322386229064455
IPIX,8,matched,20,41,48,0.00045783285400101506,0.0003974247388900266,0.00048753937372614416,1.0289608357299949
IPIX,8,opposite,10,1,8,0.9459540475384876,0.8929198542504782,0.9828268532632676,1.0027914058534935
IPIX,8,opposite,10,9,16,0.3154537091862629,0.29341137542742596,0.3369586244251857,1.0360979529690408
IPIX,8,opposite,10,17,24,0.0002918287937743191,5.509788424124514e-05,0.0006533172854975928,1.0011525122652682
IPIX,8,opposite,10,25,32,0.00014274234478091693,2.912157080731125e-05,0.00031944536041680406,1.0322386229064455
IPIX,8,opposite,10,41,48,0.00010309169345288446,2.4871772196674923e-05,0.00020941418071768265,1.0289608357299949
IPIX,8,opposite,20,1,8,0.9937225088817458,0.9870609171997626,0.9982519104256087,1.0027914058534935
IPIX,8,opposite,20,9,16,0.35422041532735576,0.3458200435872493,0.36307230869001295,1.0360979529690408
IPIX,8,opposite,20,17,24,3.489257316866858e-05,7.663571265081908e-06,7.52242300336345e-05,1.0011525122652682
IPIX,8,opposite,20,25,32,1.3745559127051261e-05,2.043619004021842e-06,2.741877905165752e-05,1.0322386229064455
IPIX,8,opposite,20,41,48,1.2159533073929962e-05,1.253560110714429e-06,2.5642552740940735e-05,1.0289608357299949
IPIX,16,random,10,1,8,0.8191782270343427,0.7572813269276583,0.8722904298206908,1.0037430214853662
IPIX,16,random,10,9,16,0.818829301302656,0.7563903929762567,0.8720472391592122,1.0074966164777532
IPIX,16,random,10,17,24,0.18479952630688548,0.17904963974807098,0.1958963364042115,0.9921121637624767
IPIX,16,random,10,25,32,0.000490610725765522,0.00023103112840466925,0.0008877489612873442,1.008395364574522
IPIX,16,random,10,41,48,0.0004377431906614786,0.000312278917580474,0.0006120985293147794,1.0019455252918288
IPIX,16,random,20,1,8,0.9540554686178311,0.944391016193059,0.963166643266878,1.0037430214853662
IPIX,16,random,20,9,16,0.9540448951108103,0.9442780185119679,0.9631848198884834,1.0074966164777532
IPIX,16,random,20,17,24,0.2148282862459821,0.2010080957818756,0.23478939688715952,0.9921121637624767
IPIX,16,random,20,25,32,5.868296396548807e-05,2.0947094791223883e-05,0.00010977356247297882,1.008395364574522
IPIX,16,random,20,41,48,6.026899001860937e-05,3.552223145193023e-05,8.589761896262449e-05,1.0019455252918288
IPIX,16,matched,10,1,8,0.06871827947893758,0.02315700168022639,0.14108871100705667,1.0037430214853662
IPIX,16,matched,10,9,16,0.06851791152089326,0.022705855367881146,0.14089189144628372,1.0074966164777532
IPIX,16,matched,10,17,24,0.0062838352224665875,0.000400021002829855,0.017158852964452943,0.9921121637624767
IPIX,16,matched,10,25,32,0.00113506597868381,0.0007101418027197241,0.001727137205866008,1.008395364574522
IPIX,16,matched,10,41,48,0.002611127558788699,0.0023841153071150643,0.0028710008646779077,1.0019455252918288
IPIX,16,matched,20,1,8,0.2849882634072069,0.18145781747435444,0.4129720826127684,1.0037430214853662
IPIX,16,matched,20,9,16,0.2850088817458975,0.18090290060134417,0.4125498766032569,1.0074966164777532
IPIX,16,matched,20,17,24,0.01187722043647437,5.56886178595952e-05,0.03456038135593221,0.9921121637624767
IPIX,16,matched,20,25,32,0.00014802909829132128,9.652412852501104e-05,0.0002174555056407864,1.008395364574522
IPIX,16,matched,20,41,48,0.0004224116054813061,0.00034705043473119625,0.0004857672051251818,1.0019455252918288
IPIX,16,opposite,10,1,8,0.9448126374555913,0.8920036433563914,0.9815356863492317,1.0037430214853662
IPIX,16,opposite,10,9,16,0.944925773980714,0.8927793765312004,0.9812285641221068,1.0074966164777532
IPIX,16,opposite,10,17,24,0.2851315344273388,0.2766030491574887,0.3036435042685406,0.9921121637624767
IPIX,16,opposite,10,25,32,0.0003050456775503299,5.633916990920882e-05,0.0007094778407966761,1.008395364574522
IPIX,16,opposite,10,41,48,0.0001200093046861783,2.210824195259993e-05,0.00025670125378296585,1.0019455252918288
IPIX,16,opposite,20,1,8,0.9936056716291659,0.9869161363186705,0.9981227937342052,1.0037430214853662
IPIX,16,opposite,20,9,16,0.9935908687193368,0.9869779644529447,0.9980989760921015,1.0074966164777532
IPIX,16,opposite,20,17,24,0.31497948739637965,0.2970221479727062,0.3419154965318897,0.9921121637624767
IPIX,16,opposite,20,25,32,3.383522246658772e-05,4.145295366112487e-06,6.924178555987894e-05,1.008395364574522
IPIX,16,opposite,20,41,48,1.2688208424970396e-05,6.267800553572145e-07,3.0398832684824903e-05,1.0019455252918288
NetRAD,0,random,10,1,8,0.30322720169661793,0.28319917634463004,0.32589729059719136,1.046398872642036
NetRAD,0,random,10,9,16,0.00017091751311530304,9.4222728369818e-05,0.00024801091247256393,1.0383762138631543
NetRAD,0,random,10,17,24,0.0002499813967332664,0.0001675855584417093,0.00033205277494363313,1.0276560814078952
NetRAD,0,random,10,25,32,0.00026102708635636416,0.0001722612750023533,0.00034812710392942496,1.0315860215053763
NetRAD,0,random,10,41,48,0.0002603294638538527,0.00017649941371382033,0.00034223619834982354,1.0385273654053653
NetRAD,0,random,20,1,8,0.31330668415373736,0.2957075047565837,0.333706906081221,1.046398872642036
NetRAD,0,random,20,9,16,1.8719537150723666e-05,9.760023135516204e-06,2.8247867604580826e-05,1.0383762138631543
NetRAD,0,random,20,17,24,3.522993637682777e-05,2.3705519275283137e-05,4.670593317071645e-05,1.0276560814078952
NetRAD,0,random,20,25,32,4.2671243070283145e-05,2.5847779255470564e-05,5.782986568744847e-05,1.0315860215053763
NetRAD,0,random,20,41,48,3.650891096476541e-05,2.2116389115545333e-05,4.997658623361307e-05,1.0385273654053653
NetRAD,0,matched,10,1,8,0.0003184646723964728,0.00018382017741451067,0.00044502582532502766,1.046398872642036
NetRAD,0,matched,10,9,16,0.0006477424935818728,0.00044110809285227264,0.0008499940106267978,1.0383762138631543
NetRAD,0,matched,10,17,24,0.0030266352271458865,0.0022909172574578284,0.003757805393420254,1.0276560814078952
NetRAD,0,matched,10,25,32,0.003050354392231276,0.00227458999908385,0.003817964141543119,1.0315860215053763
NetRAD,0,matched,10,41,48,0.003072213230643301,0.0022916840638348116,0.0038395757854351735,1.0385273654053653
NetRAD,0,matched,20,1,8,3.139301261301484e-05,1.6357165136179416e-05,4.622907112847335e-05,1.046398872642036
NetRAD,0,matched,20,9,16,0.00011301484540685345,6.917549671434948e-05,0.00015592380178244047,1.0383762138631543
NetRAD,0,matched,20,17,24,0.000567864717044313,0.00036576968569206893,0.0007627106840288134,1.0276560814078952
NetRAD,0,matched,20,25,32,0.0005697250437176768,0.0003586249428100172,0.0007770882918876758,1.0315860215053763
NetRAD,0,matched,20,41,48,0.0005821659783457975,0.0003708902146213299,0.0007809145812213736,1.0385273654053653
NetRAD,0,opposite,10,1,8,0.43002834672768536,0.40357392986276375,0.45989180602001295,1.046398872642036
NetRAD,0,opposite,10,9,16,6.208840272351825e-05,3.1934832923730634e-05,9.301366681980982e-05,1.0383762138631543
NetRAD,0,opposite,10,17,24,2.3021542582877555e-05,1.1955925193235504e-05,3.4067511297103334e-05,1.0276560814078952
NetRAD,0,opposite,10,25,32,2.0463593407002268e-05,9.484552778499065e-06,3.185898526603717e-05,1.0315860215053763
NetRAD,0,opposite,10,41,48,2.4765598839156154e-05,1.176122107610817e-05,3.857657134774667e-05,1.0385273654053653
NetRAD,0,opposite,20,1,8,0.438227038918034,0.40996679395372676,0.4704609002505486,1.046398872642036
NetRAD,0,opposite,20,9,16,6.62741377385869e-06,3.050984174860684e-06,1.0269470916858362e-05,1.0383762138631543
NetRAD,0,opposite,20,17,24,1.8603266733638427e-06,9.489415235120597e-07,2.826315027856161e-06,1.0276560814078952
NetRAD,0,opposite,20,25,32,3.6043829296424452e-06,1.1515853338496352e-06,6.047613823035776e-06,1.0315860215053763
NetRAD,0,opposite,20,41,48,1.0464337537671615e-06,2.902324645410211e-07,1.8681252989000477e-06,1.0385273654053653
NetRAD,8,random,10,1,8,0.9233316357852439,0.901050902708962,0.944846077941654,1.0412248390817427
NetRAD,8,random,10,9,16,0.2688697585295978,0.2585342312797212,0.27933261101609,1.0264584961119174
NetRAD,8,random,10,17,24,0.00013510622465304906,8.278727783464515e-05,0.00018739908163649117,1.021214700301373
NetRAD,8,random,10,25,32,0.00024963258548201065,0.0001864036187811468,0.00031382556039908326,1.0251911485656882
NetRAD,8,random,10,41,48,0.0002413773858689586,0.0001807749830904059,0.00029915160197017943,1.0328998772184395
NetRAD,8,random,20,1,8,0.97751109219779,0.970237043539277,0.9845684689969578,1.0412248390817427
NetRAD,8,random,20,9,16,0.2782827789559847,0.2729874183373372,0.28428033951149007,1.0264584961119174
NetRAD,8,random,20,17,24,1.5812776723592664e-05,9.78783198180804e-06,2.2388763197586725e-05,1.021214700301373
NetRAD,8,random,20,25,32,3.84855080552145e-05,2.68768369501656e-05,4.9173619178371523e-05,1.0251911485656882
NetRAD,8,random,20,41,48,3.522993637682777e-05,2.3828572700802278e-05,4.5955882352941176e-05,1.0328998772184395
NetRAD,8,matched,10,1,8,0.031807284109089555,0.026096770841189176,0.0386883417044548,1.0412248390817427
NetRAD,8,matched,10,9,16,0.00026811958179856385,0.00014111165960312575,0.0003961445134079858,1.0264584961119174
NetRAD,8,matched,10,17,24,0.0005897235554563382,0.00040284100828473767,0.0007708596671324031,1.021214700301373
NetRAD,8,matched,10,25,32,0.0029771040294675746,0.002357866598238443,0.0035919426231131937,1.0251911485656882
NetRAD,8,matched,10,41,48,0.00297966197864345,0.002369367527305442,0.003578574760361288,1.0328998772184395
NetRAD,8,matched,20,1,8,0.23003160229936376,0.17900788908228016,0.2869504762031362,1.0412248390817427
NetRAD,8,matched,20,9,16,3.1044201361759125e-05,1.6578413455147638e-05,4.5335112787463795e-05,1.0264584961119174
NetRAD,8,matched,20,17,24,8.906313948729397e-05,5.6309707360247625e-05,0.00012022384101008962,1.021214700301373
NetRAD,8,matched,20,25,32,0.0005443780927930945,0.0003587135596971941,0.0007310241878303959,1.0251911485656882
NetRAD,8,matched,20,41,48,0.0005710040183056144,0.00038958594765331375,0.00074312714308744,1.0328998772184395
NetRAD,8,opposite,10,1,8,0.9915520240354206,0.9863762169655138,0.9963240135550989,1.0412248390817427
NetRAD,8,opposite,10,9,16,0.37837440004464784,0.3692538656717856,0.3891834113681286,1.0264584961119174
NetRAD,8,opposite,10,17,24,6.022807605015441e-05,2.912830840790548e-05,9.234498094213372e-05,1.021214700301373
NetRAD,8,opposite,10,25,32,2.3021542582877555e-05,1.0331805400353635e-05,3.5788128061418854e-05,1.0251911485656882
NetRAD,8,opposite,10,41,48,2.1393756743684192e-05,1.0212418300653596e-05,3.404231937340152e-05,1.0328998772184395
NetRAD,8,opposite,20,1,8,0.9991515747665289,0.9986229179434979,0.9996309707823837,1.0412248390817427
NetRAD,8,opposite,20,9,16,0.38007404100159986,0.37495180422899405,0.3883250405119611,1.0264584961119174
NetRAD,8,opposite,20,17,24,4.999627934665328e-06,1.6526320071597104e-06,8.286232642523201e-06,1.021214700301373
NetRAD,8,opposite,20,25,32,2.441678758790044e-06,1.084319258158186e-06,3.7823771483902206e-06,1.0251911485656882
NetRAD,8,opposite,20,41,48,1.395245005022882e-06,2.3476823679663437e-07,3.231390208174143e-06,1.0328998772184395
NetRAD,16,random,10,1,8,0.921480727015664,0.8994120893961497,0.9427596575134478,1.03667866577371
NetRAD,16,random,10,9,16,0.9213946869070209,0.8992958078106894,0.9427053404958192,1.0298419652490978
NetRAD,16,random,10,17,24,0.2575204868474904,0.24920188314393746,0.26595079855100706,1.0248888454812664
NetRAD,16,random,10,25,32,0.00013080421922089517,6.668401694249937e-05,0.000198698526803546,1.0189823082933362
NetRAD,16,random,10,41,48,0.00023568013543178183,0.00017354622840676316,0.00029475869235062925,1.0299349815827659
NetRAD,16,random,20,1,8,0.9768945101759869,0.9697184230228333,0.9838662713772097,1.03667866577371
NetRAD,16,random,20,9,16,0.9768956728801577,0.9697628752048594,0.9838215421166934,1.0298419652490978
NetRAD,16,random,20,17,24,0.2691940367228486,0.2650451393544497,0.273396320661007,1.0248888454812664
NetRAD,16,random,20,25,32,1.6394128809018864e-05,7.373212792942888e-06,2.656702411604372e-05,1.0189823082933362
NetRAD,16,random,20,41,48,3.802042638687354e-05,2.6241722121823192e-05,4.866209044395716e-05,1.0299349815827659
NetRAD,16,matched,10,1,8,0.02930409829966142,0.024533999509188543,0.034897383916081215,1.03667866577371
NetRAD,16,matched,10,9,16,0.029207593853480672,0.024433615245046014,0.03484372217331245,1.0298419652490978
NetRAD,16,matched,10,17,24,0.0002545159429995907,0.0001333691976145047,0.000375828473694437,1.0248888454812664
NetRAD,16,matched,10,25,32,0.0005665857424563753,0.00038622896575062516,0.0007510869385863821,1.0189823082933362
NetRAD,16,matched,10,41,48,0.0029223406630204266,0.002326083034264451,0.003499957812088808,1.0299349815827659
NetRAD,16,matched,20,1,8,0.216615275142315,0.1698566018451724,0.2687388693497279,1.03667866577371
NetRAD,16,matched,20,9,16,0.2165221425382297,0.16980763036423718,0.2687779640565576,1.0298419652490978
NetRAD,16,matched,20,17,24,2.8951333854224805e-05,1.5227984684998258e-05,4.2737073184936255e-05,1.0248888454812664
NetRAD,16,matched,20,25,32,8.51099453063958e-05,5.131837881960404e-05,0.00012000856151680066,1.0189823082933362
NetRAD,16,matched,20,41,48,0.0005484475573910778,0.0003742809458839936,0.0007122649494550458,1.0299349815827659
NetRAD,16,opposite,10,1,8,0.9912902993265618,0.9860645384423136,0.9961086154458201,1.03667866577371
NetRAD,16,opposite,10,9,16,0.9913389003609034,0.986184650742088,0.9960945596025077,1.0298419652490978
NetRAD,16,opposite,10,17,24,0.3679252939316144,0.36208277229956004,0.37352971291561354,1.0248888454812664
NetRAD,16,opposite,10,25,32,5.034509059790899e-05,1.8436122386717803e-05,8.425389070101722e-05,1.0189823082933362
NetRAD,16,opposite,10,41,48,2.255646091453659e-05,8.456317364674066e-06,4.063970454274172e-05,1.0299349815827659
NetRAD,16,opposite,20,1,8,0.9991232047847602,0.9985994661589721,0.9996021053958156,1.03667866577371
NetRAD,16,opposite,20,9,16,0.9991128567176396,0.9985677866603325,0.9996032580565838,1.0298419652490978
NetRAD,16,opposite,20,17,24,0.374174712579529,0.3732308102937048,0.3750462481245118,1.0248888454812664
NetRAD,16,opposite,20,25,32,5.580980020091528e-06,2.279358132749818e-06,8.977185422721047e-06,1.0189823082933362
NetRAD,16,opposite,20,41,48,1.6277858391933623e-06,6.853972013861472e-07,2.642227322140355e-06,1.0299349815827659
