m,repetition,invariant,variant,steps,coverage,length
4,0,0,canonical,1000,0.909,2.19421750210646
4,0,0,simplified,2000,0.909,2.19580902718428
4,0,0,canonical,2000,0.909,2.19421750210646
4,0,1,canonical,1000,0.918,3.1616872573799406
4,0,1,simplified,2000,0.918,3.1609625249816773
4,0,1,canonical,2000,0.918,3.1616872573799406
4,1,0,canonical,1000,0.89,2.0072275904174424
4,1,0,simplified,2000,0.891,2.0119028781409822
4,1,0,canonical,2000,0.89,2.0072275904174424
4,1,1,canonical,1000,0.922,2.9894523004635887
4,1,1,simplified,2000,0.922,2.9857571405165846
4,1,1,canonical,2000,0.922,2.9894523004635887
4,2,0,canonical,1000,0.905,2.043374210649024
4,2,0,simplified,2000,0.905,2.043374210649024
4,2,0,canonical,2000,0.905,2.043374210649024
4,2,1,canonical,1000,0.883,2.5690487459966644
4,2,1,simplified,2000,0.884,2.5711002377613466
4,2,1,canonical,2000,0.884,2.571417367240819
4,3,0,canonical,1000,0.908,2.0624018689669272
4,3,0,simplified,2000,0.908,2.0603680415428935
4,3,0,canonical,2000,0.908,2.060384564308053
4,3,1,canonical,1000,0.926,2.9996627200703827
4,3,1,simplified,2000,0.926,2.9976398621611398
4,3,1,canonical,2000,0.926,2.9996627200703827
4,4,0,canonical,1000,0.935,2.1029675602211846
4,4,0,simplified,2000,0.935,2.10238544923092
4,4,0,canonical,2000,0.934,2.1034692556264507
4,4,1,canonical,1000,0.896,2.6454112882966054
4,4,1,simplified,2000,0.903,2.6818139906987484
4,4,1,canonical,2000,0.9,2.6610374794444716
4,5,0,canonical,1000,0.93,2.1464620256487215
4,5,0,simplified,2000,0.93,2.1464620256487215
4,5,0,canonical,2000,0.93,2.1464620256487215
4,5,1,canonical,1000,0.913,2.8987690308735115
4,5,1,simplified,2000,0.913,2.90136647915044
4,5,1,canonical,2000,0.913,2.8987690308735115
4,6,0,canonical,1000,0.921,2.1867338440302575
4,6,0,simplified,2000,0.921,2.1877141839150136
4,6,0,canonical,2000,0.921,2.1848655016306577
4,6,1,canonical,1000,0.9,2.842115249008596
4,6,1,simplified,2000,0.9,2.842115249008596
4,6,1,canonical,2000,0.9,2.842115249008596
4,7,0,canonical,1000,0.896,1.9816490636796458
4,7,0,simplified,2000,0.896,1.980159270149336
4,7,0,canonical,2000,0.896,1.9797025356112576
4,7,1,canonical,1000,0.905,3.016440017767597
4,7,1,simplified,2000,0.896,2.9237219482921337
4,7,1,canonical,2000,0.905,3.016440017767597
4,8,0,canonical,1000,0.93,2.221623525749611
4,8,0,simplified,2000,0.931,2.2236739760827566
4,8,0,canonical,2000,0.931,2.223609416384652
4,8,1,canonical,1000,0.929,2.926038733052982
4,8,1,simplified,2000,0.929,2.925944592091441
4,8,1,canonical,2000,0.929,2.926038733052982
4,9,0,canonical,1000,0.892,1.9539617176185375
4,9,0,simplified,2000,0.892,1.9536232664714581
4,9,0,canonical,2000,0.892,1.9539617176185375
4,9,1,canonical,1000,0.91,2.5959034848214126
4,9,1,simplified,2000,0.91,2.5976326644474987
4,9,1,canonical,2000,0.91,2.5974672944910124
4,10,0,canonical,1000,0.912,2.2329030623558683
4,10,0,simplified,2000,0.912,2.232903061879031
4,10,0,canonical,2000,0.912,2.2329030623558683
4,10,1,canonical,1000,0.874,2.3696472183803268
4,10,1,simplified,2000,0.879,2.3992677747542217
4,10,1,canonical,2000,0.874,2.370374141087379
4,11,0,canonical,1000,0.89,1.9429277819898603
4,11,0,simplified,2000,0.89,1.944505970289993
4,11,0,canonical,2000,0.89,1.9429277819898603
4,11,1,canonical,1000,0.917,2.7983317754369508
4,11,1,simplified,2000,0.918,2.8007166083626696
4,11,1,canonical,2000,0.917,2.7983317754369508
4,12,0,canonical,1000,0.903,2.063735947348695
4,12,0,simplified,2000,0.902,2.061504009939548
4,12,0,canonical,2000,0.902,2.06413271626602
4,12,1,canonical,1000,0.877,2.413700686650012
4,12,1,simplified,2000,0.877,2.4138606807681082
4,12,1,canonical,2000,0.877,2.413403259866841
4,13,0,canonical,1000,0.907,2.092226414212463
4,13,0,simplified,2000,0.908,2.0942364223834566
4,13,0,canonical,2000,0.908,2.0935963585887607
4,13,1,canonical,1000,0.896,2.830029175737276
4,13,1,simplified,2000,0.895,2.8321186108913925
4,13,1,canonical,2000,0.896,2.830029175737276
4,14,0,canonical,1000,0.905,2.1153717584746445
4,14,0,simplified,2000,0.905,2.1169094460170435
4,14,0,canonical,2000,0.905,2.1158979590099025
4,14,1,canonical,1000,0.936,3.065300465489859
4,14,1,simplified,2000,0.937,3.061131964014487
4,14,1,canonical,2000,0.936,3.065300465489859
4,15,0,canonical,1000,0.883,2.012725862125964
4,15,0,simplified,2000,0.883,2.012653304492738
4,15,0,canonical,2000,0.883,2.014361168777253
4,15,1,canonical,1000,0.88,2.7903377384605084
4,15,1,simplified,2000,0.882,2.8019067429859152
4,15,1,canonical,2000,0.88,2.7903377384605084
4,16,0,canonical,1000,0.926,2.061542350982164
4,16,0,simplified,2000,0.925,2.060488240294791
4,16,0,canonical,2000,0.925,2.0606923322013384
4,16,1,canonical,1000,0.928,2.9255213391518007
4,16,1,simplified,2000,0.929,2.925498424671385
4,16,1,canonical,2000,0.928,2.9255213391518007
4,17,0,canonical,1000,0.898,1.99451049477375
4,17,0,simplified,2000,0.896,2.0293851689288838
4,17,0,canonical,2000,0.892,1.9847929601921661
4,17,1,canonical,1000,0.884,2.520070406433887
4,17,1,simplified,2000,0.884,2.519302280275154
4,17,1,canonical,2000,0.884,2.520070406433887
4,18,0,canonical,1000,0.913,2.103490222833596
4,18,0,simplified,2000,0.931,2.2190154598624723
4,18,0,canonical,2000,0.913,2.105444158345745
4,18,1,canonical,1000,0.916,3.0839014061211
4,18,1,simplified,2000,0.917,3.082764652847145
4,18,1,canonical,2000,0.916,3.081551787458852
4,19,0,canonical,1000,0.871,1.8942570544063633
4,19,0,simplified,2000,0.872,1.8945937408982818
4,19,0,canonical,2000,0.87,1.8933595656930515
4,19,1,canonical,1000,0.914,2.933592017754733
4,19,1,simplified,2000,0.914,2.934733413701852
4,19,1,canonical,2000,0.914,2.934733413701852
4,20,0,canonical,1000,0.919,2.0669929528858293
4,20,0,simplified,2000,0.917,2.0414972078844515
4,20,0,canonical,2000,0.919,2.0669929528858293
4,20,1,canonical,1000,0.907,2.63202384007229
4,20,1,simplified,2000,0.907,2.6338143508377634
4,20,1,canonical,2000,0.907,2.6337443232140636
4,21,0,canonical,1000,0.903,2.0737088087120683
4,21,0,simplified,2000,0.902,2.070797931189482
4,21,0,canonical,2000,0.903,2.071342598791068
4,21,1,canonical,1000,0.916,2.898922307356567
4,21,1,simplified,2000,0.916,2.898922307356567
4,21,1,canonical,2000,0.916,2.898922307356567
4,22,0,canonical,1000,0.882,1.8611965650685725
4,22,0,simplified,2000,0.882,1.8611602449782785
4,22,0,canonical,2000,0.882,1.8611965650685725
4,22,1,canonical,1000,0.887,2.4225158804522025
4,22,1,simplified,2000,0.887,2.4228513139089793
4,22,1,canonical,2000,0.887,2.4228513139089793
4,23,0,canonical,1000,0.857,1.903107230804905
4,23,0,simplified,2000,0.858,1.9018195830807536
4,23,0,canonical,2000,0.857,1.903107230804905
4,23,1,canonical,1000,0.877,2.70962293479278
4,23,1,simplified,2000,0.877,2.70962293479278
4,23,1,canonical,2000,0.877,2.70962293479278
4,24,0,canonical,1000,0.869,1.8836960949148818
4,24,0,simplified,2000,0.869,1.8848776242754102
4,24,0,canonical,2000,0.869,1.8836960949148818
4,24,1,canonical,1000,0.899,2.6945942780618335
4,24,1,simplified,2000,0.899,2.6951836580944772
4,24,1,canonical,2000,0.899,2.6945942780618335
4,25,0,canonical,1000,0.911,2.047310049633857
4,25,0,simplified,2000,0.911,2.0472041955994333
4,25,0,canonical,2000,0.911,2.0472041955994333
4,25,1,canonical,1000,0.918,2.837889651541622
4,25,1,simplified,2000,0.919,2.836754786558914
4,25,1,canonical,2000,0.918,2.837889651541622
4,26,0,canonical,1000,0.908,1.9925530753892085
4,26,0,simplified,2000,0.908,1.992480740026774
4,26,0,canonical,2000,0.908,1.9925530753892085
4,26,1,canonical,1000,0.876,2.746466625857019
4,26,1,simplified,2000,0.876,2.7489777475937665
4,26,1,canonical,2000,0.876,2.746466625857019
4,27,0,canonical,1000,0.908,2.0846662976607795
4,27,0,simplified,2000,0.896,2.064489567287593
4,27,0,canonical,2000,0.908,2.0885927278545027
4,27,1,canonical,1000,0.91,2.730888306609656
4,27,1,simplified,2000,0.91,2.730973301373618
4,27,1,canonical,2000,0.91,2.7217308418974144
4,28,0,canonical,1000,0.902,2.0499135495435765
4,28,0,simplified,2000,0.901,2.049168336951654
4,28,0,canonical,2000,0.9,2.049743124449175
4,28,1,canonical,1000,0.882,2.7964948717443545
4,28,1,simplified,2000,0.882,2.7964155168128437
4,28,1,canonical,2000,0.882,2.7964948717443545
4,29,0,canonical,1000,0.89,1.9891914938034787
4,29,0,simplified,2000,0.89,1.9889855194050372
4,29,0,canonical,2000,0.89,1.989349883790642
4,29,1,canonical,1000,0.909,2.961219563188421
4,29,1,simplified,2000,0.913,2.939552078679947
4,29,1,canonical,2000,0.909,2.961219563188421
4,30,0,canonical,1000,0.897,1.9543804898184594
4,30,0,simplified,2000,0.897,1.9542253730219659
4,30,0,canonical,2000,0.897,1.9528410210532006
4,30,1,canonical,1000,0.888,2.776432593510759
4,30,1,simplified,2000,0.886,2.6496529834253697
4,30,1,canonical,2000,0.888,2.7764325937501444
4,31,0,canonical,1000,0.903,2.0413183798562544
4,31,0,simplified,2000,0.901,2.072640913820097
4,31,0,canonical,2000,0.902,2.041772641684954
4,31,1,canonical,1000,0.888,2.8505194736773234
4,31,1,simplified,2000,0.888,2.8505194736773234
4,31,1,canonical,2000,0.888,2.8505194736773234
4,32,0,canonical,1000,0.918,2.201479619451267
4,32,0,simplified,2000,0.908,2.154908906198504
4,32,0,canonical,2000,0.92,2.2149177760624106
4,32,1,canonical,1000,0.911,2.958314940865434
4,32,1,simplified,2000,0.911,2.958314940865434
4,32,1,canonical,2000,0.911,2.958314940865434
4,33,0,canonical,1000,0.868,1.8526363158992303
4,33,0,simplified,2000,0.868,1.8528981942708356
4,33,0,canonical,2000,0.868,1.8532590906197888
4,33,1,canonical,1000,0.871,2.5720949000407045
4,33,1,simplified,2000,0.876,2.610343115382143
4,33,1,canonical,2000,0.871,2.5720949000407045
4,34,0,canonical,1000,0.912,2.0428990260414355
4,34,0,simplified,2000,0.912,2.041983632450536
4,34,0,canonical,2000,0.912,2.042790676360563
4,34,1,canonical,1000,0.896,2.7241012765685
4,34,1,simplified,2000,0.896,2.7245962456881707
4,34,1,canonical,2000,0.896,2.7241012765685
4,35,0,canonical,1000,0.868,1.9345104911843538
4,35,0,simplified,2000,0.868,1.9346009519616365
4,35,0,canonical,2000,0.868,1.9345104911843538
4,35,1,canonical,1000,0.883,2.683198458633461
4,35,1,simplified,2000,0.883,2.6819742187765234
4,35,1,canonical,2000,0.883,2.683198458633461
4,36,0,canonical,1000,0.894,2.041801284174292
4,36,0,simplified,2000,0.894,2.041335714916556
4,36,0,canonical,2000,0.894,2.041801284174292
4,36,1,canonical,1000,0.897,2.678506247678035
4,36,1,simplified,2000,0.897,2.6786349167267156
4,36,1,canonical,2000,0.897,2.678506247678035
4,37,0,canonical,1000,0.916,2.1179574741523957
4,37,0,simplified,2000,0.914,2.115856234784762
4,37,0,canonical,2000,0.914,2.118328438277881
4,37,1,canonical,1000,0.925,3.15056682348966
4,37,1,simplified,2000,0.92,3.0462488753117407
4,37,1,canonical,2000,0.925,3.15056682348966
4,38,0,canonical,1000,0.897,2.0197743299723503
4,38,0,simplified,2000,0.898,2.0322283799465484
4,38,0,canonical,2000,0.896,2.021366482282478
4,38,1,canonical,1000,0.881,2.6033830583622404
4,38,1,simplified,2000,0.881,2.6042146571569718
4,38,1,canonical,2000,0.881,2.6042146571569718
4,39,0,canonical,1000,0.91,2.1904287833048985
4,39,0,simplified,2000,0.913,2.195612064732887
4,39,0,canonical,2000,0.912,2.1930017267328914
4,39,1,canonical,1000,0.926,3.190225219853415
4,39,1,simplified,2000,0.926,3.189745114089791
4,39,1,canonical,2000,0.926,3.190225219853415
4,40,0,canonical,1000,0.874,1.91083264846517
4,40,0,simplified,2000,0.885,1.9876910577378062
4,40,0,canonical,2000,0.871,1.9034614256686833
4,40,1,canonical,1000,0.881,2.6291053213111506
4,40,1,simplified,2000,0.881,2.6291053213111506
4,40,1,canonical,2000,0.881,2.6291053213111506
4,41,0,canonical,1000,0.91,2.0516049097512687
4,41,0,simplified,2000,0.915,2.10008172723856
4,41,0,canonical,2000,0.908,2.0371544397811707
4,41,1,canonical,1000,0.91,2.9067508441003302
4,41,1,simplified,2000,0.91,2.9067508441003302
4,41,1,canonical,2000,0.91,2.9067508441003302
4,42,0,canonical,1000,0.911,2.065468747079778
4,42,0,simplified,2000,0.911,2.066470306663481
4,42,0,canonical,2000,0.911,2.0665586891460097
4,42,1,canonical,1000,0.87,2.7587020649027996
4,42,1,simplified,2000,0.891,2.895168628966113
4,42,1,canonical,2000,0.871,2.783730757638195
4,43,0,canonical,1000,0.879,1.8962532960932288
4,43,0,simplified,2000,0.879,1.9001295317087652
4,43,0,canonical,2000,0.88,1.8991352731857778
4,43,1,canonical,1000,0.911,2.871194033663196
4,43,1,simplified,2000,0.91,2.8688210855117724
4,43,1,canonical,2000,0.911,2.871194033663196
4,44,0,canonical,1000,0.883,1.966708423807628
4,44,0,simplified,2000,0.883,1.9660710743212768
4,44,0,canonical,2000,0.883,1.966708423807628
4,44,1,canonical,1000,0.903,3.109446525032633
4,44,1,simplified,2000,0.903,3.1093346201380374
4,44,1,canonical,2000,0.903,3.109446525032633
4,45,0,canonical,1000,0.919,2.129571190307377
4,45,0,simplified,2000,0.921,2.1086900935687907
4,45,0,canonical,2000,0.918,2.0940826304296567
4,45,1,canonical,1000,0.899,2.7295302700980355
4,45,1,simplified,2000,0.898,2.792864683393216
4,45,1,canonical,2000,0.899,2.7295302700980355
4,46,0,canonical,1000,0.927,2.0626183376070526
4,46,0,simplified,2000,0.927,2.065734014530629
4,46,0,canonical,2000,0.927,2.070205361259736
4,46,1,canonical,1000,0.911,2.517511514035167
4,46,1,simplified,2000,0.912,2.518750969051055
4,46,1,canonical,2000,0.912,2.518750969051055
4,47,0,canonical,1000,0.904,2.0587692977536727
4,47,0,simplified,2000,0.907,2.0766866915657327
4,47,0,canonical,2000,0.904,2.0616746303043074
4,47,1,canonical,1000,0.893,2.809130366063673
4,47,1,simplified,2000,0.893,2.8075444986754983
4,47,1,canonical,2000,0.893,2.8073267266182573
4,48,0,canonical,1000,0.906,1.9983752293886659
4,48,0,simplified,2000,0.912,2.075958575787506
4,48,0,canonical,2000,0.905,1.9984378532786737
4,48,1,canonical,1000,0.907,2.8743240515330726
4,48,1,simplified,2000,0.907,2.8743240515330726
4,48,1,canonical,2000,0.907,2.8743240515330726
4,49,0,canonical,1000,0.886,1.9423940810875293
4,49,0,simplified,2000,0.886,1.9423534402565357
4,49,0,canonical,2000,0.886,1.9424868526176806
4,49,1,canonical,1000,0.919,2.9749828663138977
4,49,1,simplified,2000,0.919,2.970086277210897
4,49,1,canonical,2000,0.919,2.97754860055922
4,50,0,canonical,1000,0.808,1.7033999711751588
4,50,0,simplified,2000,0.808,1.7026994382416547
4,50,0,canonical,2000,0.809,1.703441261677443
4,50,1,canonical,1000,0.848,2.5250408457680633
4,50,1,simplified,2000,0.848,2.5280636923982973
4,50,1,canonical,2000,0.848,2.52673485041402
4,51,0,canonical,1000,0.911,1.9636426599979995
4,51,0,simplified,2000,0.906,2.0394020349030533
4,51,0,canonical,2000,0.911,1.9643008121014232
4,51,1,canonical,1000,0.921,2.857579249474053
4,51,1,simplified,2000,0.921,2.8618315300322337
4,51,1,canonical,2000,0.921,2.858719047661963
4,52,0,canonical,1000,0.916,2.1740779653551825
4,52,0,simplified,2000,0.916,2.1827910444498695
4,52,0,canonical,2000,0.916,2.1781387448073066
4,52,1,canonical,1000,0.895,2.656121208211709
4,52,1,simplified,2000,0.895,2.6561179542493636
4,52,1,canonical,2000,0.895,2.656121208211709
4,53,0,canonical,1000,0.893,2.013852362652056
4,53,0,simplified,2000,0.893,2.013852362652056
4,53,0,canonical,2000,0.893,2.0137669896080417
4,53,1,canonical,1000,0.916,2.7928370432934697
4,53,1,simplified,2000,0.916,2.7956417343150886
4,53,1,canonical,2000,0.916,2.7928370432934697
4,54,0,canonical,1000,0.877,1.8345584231422474
4,54,0,simplified,2000,0.877,1.834817410687735
4,54,0,canonical,2000,0.877,1.835174149731924
4,54,1,canonical,1000,0.906,2.6636914412876456
4,54,1,simplified,2000,0.898,2.6138074862385916
4,54,1,canonical,2000,0.906,2.6634351229151254
4,55,0,canonical,1000,0.906,2.0298637690637795
4,55,0,simplified,2000,0.906,2.030294243702672
4,55,0,canonical,2000,0.906,2.0278965139482237
4,55,1,canonical,1000,0.911,2.9552679308260745
4,55,1,simplified,2000,0.909,2.997195630138887
4,55,1,canonical,2000,0.911,2.9552679308260745
4,56,0,canonical,1000,0.909,1.9974656010442327
4,56,0,simplified,2000,0.909,1.9978528058105063
4,56,0,canonical,2000,0.909,1.9974656010442327
4,56,1,canonical,1000,0.925,2.956987154774664
4,56,1,simplified,2000,0.925,2.956987154774664
4,56,1,canonical,2000,0.925,2.956987154774664
4,57,0,canonical,1000,0.913,2.10679258754615
4,57,0,simplified,2000,0.913,2.091383060304015
4,57,0,canonical,2000,0.913,2.0888500976162514
4,57,1,canonical,1000,0.9,2.4724750309001675
4,57,1,simplified,2000,0.899,2.4717226737479012
4,57,1,canonical,2000,0.899,2.4703574904338295
4,58,0,canonical,1000,0.872,1.8152187743576291
4,58,0,simplified,2000,0.872,1.8142339692509009
4,58,0,canonical,2000,0.872,1.814092082897408
4,58,1,canonical,1000,0.86,2.5393332093626357
4,58,1,simplified,2000,0.86,2.537916652743221
4,58,1,canonical,2000,0.86,2.5393332093626357
4,59,0,canonical,1000,0.912,2.0722993653258137
4,59,0,simplified,2000,0.912,2.0743539267357605
4,59,0,canonical,2000,0.912,2.0744225583847777
4,59,1,canonical,1000,0.888,2.6272563937178286
4,59,1,simplified,2000,0.888,2.6201541681505387
4,59,1,canonical,2000,0.888,2.6272563937178286
4,60,0,canonical,1000,0.86,1.9084698821438937
4,60,0,simplified,2000,0.87,1.9674445425833151
4,60,0,canonical,2000,0.86,1.9084698821438937
4,60,1,canonical,1000,0.88,2.7757977299893537
4,60,1,simplified,2000,0.869,2.6719805470909206
4,60,1,canonical,2000,0.869,2.6691731295455985
4,61,0,canonical,1000,0.899,1.9234117742360595
4,61,0,simplified,2000,0.899,1.923204520775817
4,61,0,canonical,2000,0.899,1.923204520775817
4,61,1,canonical,1000,0.875,2.28152263967832
4,61,1,simplified,2000,0.875,2.28152263967832
4,61,1,canonical,2000,0.875,2.28152263967832
4,62,0,canonical,1000,0.898,1.9914671840079754
4,62,0,simplified,2000,0.901,2.003869863914473
4,62,0,canonical,2000,0.901,2.004639834569915
4,62,1,canonical,1000,0.893,2.593068965721675
4,62,1,simplified,2000,0.893,2.59338740882045
4,62,1,canonical,2000,0.893,2.593068965721675
4,63,0,canonical,1000,0.897,1.9159988207041458
4,63,0,simplified,2000,0.896,1.9168417424840138
4,63,0,canonical,2000,0.897,1.9163352491540226
4,63,1,canonical,1000,0.896,2.9608613079759887
4,63,1,simplified,2000,0.896,2.959947787165321
4,63,1,canonical,2000,0.896,2.960371116712039
4,64,0,canonical,1000,0.914,1.992304682557044
4,64,0,simplified,2000,0.914,1.9937032140266864
4,64,0,canonical,2000,0.914,1.9953826499950853
4,64,1,canonical,1000,0.93,2.7778484751710155
4,64,1,simplified,2000,0.93,2.7780397222085575
4,64,1,canonical,2000,0.93,2.7778484751952366
4,65,0,canonical,1000,0.872,1.8447296030980205
4,65,0,simplified,2000,0.875,1.8495632323322602
4,65,0,canonical,2000,0.875,1.8491497929392167
4,65,1,canonical,1000,0.884,2.493303618758058
4,65,1,simplified,2000,0.884,2.493347663418978
4,65,1,canonical,2000,0.884,2.493303618758058
4,66,0,canonical,1000,0.893,1.9854990162068051
4,66,0,simplified,2000,0.893,1.9842357951830716
4,66,0,canonical,2000,0.893,1.9840239988993496
4,66,1,canonical,1000,0.891,2.833584887968311
4,66,1,simplified,2000,0.891,2.833903226253967
4,66,1,canonical,2000,0.891,2.8346258460435827
4,67,0,canonical,1000,0.898,2.0958432205127973
4,67,0,simplified,2000,0.9,2.099211264876454
4,67,0,canonical,2000,0.899,2.100407526222869
4,67,1,canonical,1000,0.914,2.846691637753238
4,67,1,simplified,2000,0.914,2.846691637753238
4,67,1,canonical,2000,0.914,2.846691637753238
4,68,0,canonical,1000,0.893,2.075598275821168
4,68,0,simplified,2000,0.894,2.0729625794100373
4,68,0,canonical,2000,0.893,2.075598275821168
4,68,1,canonical,1000,0.894,2.8470363921867476
4,68,1,simplified,2000,0.894,2.8497667811566143
4,68,1,canonical,2000,0.894,2.8470363921867476
4,69,0,canonical,1000,0.928,2.1266077939101824
4,69,0,simplified,2000,0.928,2.127155158571555
4,69,0,canonical,2000,0.928,2.1276391904787357
4,69,1,canonical,1000,0.918,2.8450817581811982
4,69,1,simplified,2000,0.919,2.8436732941519773
4,69,1,canonical,2000,0.919,2.842349824697978
4,70,0,canonical,1000,0.908,2.0750364755355144
4,70,0,simplified,2000,0.909,2.0722947622500683
4,70,0,canonical,2000,0.908,2.0750364755355144
4,70,1,canonical,1000,0.886,2.8021624281679087
4,70,1,simplified,2000,0.886,2.8021624281679087
4,70,1,canonical,2000,0.886,2.8021624281679087
4,71,0,canonical,1000,0.89,2.0170465045567085
4,71,0,simplified,2000,0.886,1.9995665721873324
4,71,0,canonical,2000,0.887,1.999412811634926
4,71,1,canonical,1000,0.913,2.9189209307473356
4,71,1,simplified,2000,0.917,2.9815048484528166
4,71,1,canonical,2000,0.913,2.917465302716904
4,72,0,canonical,1000,0.882,1.9380016378308682
4,72,0,simplified,2000,0.898,2.0356724065760328
4,72,0,canonical,2000,0.884,1.9407153449206243
4,72,1,canonical,1000,0.903,2.8286952551896105
4,72,1,simplified,2000,0.903,2.8286952551896105
4,72,1,canonical,2000,0.903,2.8286952551896105
4,73,0,canonical,1000,0.882,1.951788012945241
4,73,0,simplified,2000,0.881,1.955823999887955
4,73,0,canonical,2000,0.882,1.9551758920016404
4,73,1,canonical,1000,0.897,2.622267092974271
4,73,1,simplified,2000,0.897,2.622246365917514
4,73,1,canonical,2000,0.897,2.621775220935217
4,74,0,canonical,1000,0.871,1.9875462527472092
4,74,0,simplified,2000,0.872,1.988429337640434
4,74,0,canonical,2000,0.871,1.9882737019259031
4,74,1,canonical,1000,0.886,2.6303932295875203
4,74,1,simplified,2000,0.886,2.62840219059966
4,74,1,canonical,2000,0.89,2.6596823520203614
4,75,0,canonical,1000,0.883,1.9500731154980984
4,75,0,simplified,2000,0.887,1.970845627362962
4,75,0,canonical,2000,0.887,1.9709554607226805
4,75,1,canonical,1000,0.886,2.676061904726482
4,75,1,simplified,2000,0.889,2.6791585710676418
4,75,1,canonical,2000,0.886,2.6763841573589477
4,76,0,canonical,1000,0.894,2.032092234647324
4,76,0,simplified,2000,0.894,2.026378732468574
4,76,0,canonical,2000,0.896,2.0270554850358655
4,76,1,canonical,1000,0.919,2.7673663788295326
4,76,1,simplified,2000,0.922,2.8145761133590623
4,76,1,canonical,2000,0.919,2.7673663788295326
4,77,0,canonical,1000,0.875,1.8813276612825198
4,77,0,simplified,2000,0.881,1.8923015732100152
4,77,0,canonical,2000,0.874,1.8745668756229652
4,77,1,canonical,1000,0.896,2.681695410902229
4,77,1,simplified,2000,0.896,2.681344215205443
4,77,1,canonical,2000,0.896,2.682140288628057
4,78,0,canonical,1000,0.9,1.9808099941286363
4,78,0,simplified,2000,0.914,2.12978918875126
4,78,0,canonical,2000,0.9,1.9808099941286363
4,78,1,canonical,1000,0.878,2.7362288492007
4,78,1,simplified,2000,0.886,2.7984894782729817
4,78,1,canonical,2000,0.878,2.7362285621062163
4,79,0,canonical,1000,0.888,1.9640740769175302
4,79,0,simplified,2000,0.889,1.9631575698087567
4,79,0,canonical,2000,0.888,1.9612674342821397
4,79,1,canonical,1000,0.908,2.7884527771707757
4,79,1,simplified,2000,0.908,2.78892314640666
4,79,1,canonical,2000,0.909,2.7927813019783008
4,80,0,canonical,1000,0.922,2.019186276123648
4,80,0,simplified,2000,0.922,2.029793027172374
4,80,0,canonical,2000,0.921,2.014086942184096
4,80,1,canonical,1000,0.926,2.7470188355911156
4,80,1,simplified,2000,0.926,2.714820226197751
4,80,1,canonical,2000,0.926,2.7470188355911156
4,81,0,canonical,1000,0.894,1.9047884562837258
4,81,0,simplified,2000,0.894,1.904465450965084
4,81,0,canonical,2000,0.895,1.904819550357975
4,81,1,canonical,1000,0.893,2.7174906775747054
4,81,1,simplified,2000,0.893,2.715983460611742
4,81,1,canonical,2000,0.893,2.7175349430735842
4,82,0,canonical,1000,0.886,1.8644741598246946
4,82,0,simplified,2000,0.886,1.8647019631741897
4,82,0,canonical,2000,0.886,1.8644741598246946
4,82,1,canonical,1000,0.915,3.0802706277821685
4,82,1,simplified,2000,0.915,3.0791706067463345
4,82,1,canonical,2000,0.915,3.07506727651369
4,83,0,canonical,1000,0.876,1.9492861980152498
4,83,0,simplified,2000,0.876,1.9486620969147455
4,83,0,canonical,2000,0.876,1.9476368605465662
4,83,1,canonical,1000,0.898,2.629667445591747
4,83,1,simplified,2000,0.897,2.628362642751067
4,83,1,canonical,2000,0.898,2.629667445591747
4,84,0,canonical,1000,0.878,1.880442327225359
4,84,0,simplified,2000,0.877,1.8867689448005336
4,84,0,canonical,2000,0.875,1.8709400745832911
4,84,1,canonical,1000,0.894,2.7783109942690376
4,84,1,simplified,2000,0.894,2.7782507999921693
4,84,1,canonical,2000,0.894,2.7783109942690376
4,85,0,canonical,1000,0.863,1.9331068120192811
4,85,0,simplified,2000,0.862,1.9325453945588396
4,85,0,canonical,2000,0.863,1.9331068120192811
4,85,1,canonical,1000,0.885,2.688068266261584
4,85,1,simplified,2000,0.881,2.675350365375545
4,85,1,canonical,2000,0.885,2.688068266261584
4,86,0,canonical,1000,0.899,2.0923063731759313
4,86,0,simplified,2000,0.899,2.093742469895854
4,86,0,canonical,2000,0.899,2.0944903963694714
4,86,1,canonical,1000,0.91,3.0057951491298107
4,86,1,simplified,2000,0.908,2.9824129736269227
4,86,1,canonical,2000,0.908,2.9824129736269227
4,87,0,canonical,1000,0.903,2.080102656796196
4,87,0,simplified,2000,0.906,2.1041707733671142
4,87,0,canonical,2000,0.903,2.0790730629707506
4,87,1,canonical,1000,0.91,2.8877263018016213
4,87,1,simplified,2000,0.909,2.8309174893634967
4,87,1,canonical,2000,0.91,2.8877263018016213
4,88,0,canonical,1000,0.881,1.851251836068566
4,88,0,simplified,2000,0.881,1.8513820965115249
4,88,0,canonical,2000,0.881,1.852106671792668
4,88,1,canonical,1000,0.924,2.8639071915168737
4,88,1,simplified,2000,0.924,2.8704260656434304
4,88,1,canonical,2000,0.924,2.863771115877487
4,89,0,canonical,1000,0.861,1.8809322978416965
4,89,0,simplified,2000,0.861,1.88061232711473
4,89,0,canonical,2000,0.861,1.8809322978416965
4,89,1,canonical,1000,0.879,2.5021953878595213
4,89,1,simplified,2000,0.883,2.494006201798289
4,89,1,canonical,2000,0.879,2.5021953878595213
4,90,0,canonical,1000,0.887,2.057457278528136
4,90,0,simplified,2000,0.887,2.0545216627213176
4,90,0,canonical,2000,0.887,2.056168673768343
4,90,1,canonical,1000,0.894,2.750577450331568
4,90,1,simplified,2000,0.895,2.7611388262924565
4,90,1,canonical,2000,0.894,2.750577450331568
4,91,0,canonical,1000,0.916,2.069132063620743
4,91,0,simplified,2000,0.914,2.0327473121774506
4,91,0,canonical,2000,0.916,2.069132063620743
4,91,1,canonical,1000,0.907,2.7159036863031294
4,91,1,simplified,2000,0.905,2.575465902884972
4,91,1,canonical,2000,0.908,2.7183190928970347
4,92,0,canonical,1000,0.903,2.034107492560287
4,92,0,simplified,2000,0.903,2.0277358709021334
4,92,0,canonical,2000,0.903,2.034897147538228
4,92,1,canonical,1000,0.923,3.1579936032026383
4,92,1,simplified,2000,0.923,3.1579936032026383
4,92,1,canonical,2000,0.923,3.1579936032026383
4,93,0,canonical,1000,0.88,1.9255511603469115
4,93,0,simplified,2000,0.881,1.9259334470112355
4,93,0,canonical,2000,0.881,1.9263513597328694
4,93,1,canonical,1000,0.856,2.4134921447013435
4,93,1,simplified,2000,0.877,2.648561928824527
4,93,1,canonical,2000,0.855,2.4133305269798284
4,94,0,canonical,1000,0.893,1.9770200293716071
4,94,0,simplified,2000,0.893,1.9767402511294958
4,94,0,canonical,2000,0.893,1.9770200293716071
4,94,1,canonical,1000,0.896,2.634133088425037
4,94,1,simplified,2000,0.896,2.635620132221054
4,94,1,canonical,2000,0.896,2.634133088425037
4,95,0,canonical,1000,0.918,2.1437376628222626
4,95,0,simplified,2000,0.918,2.1436277697386905
4,95,0,canonical,2000,0.918,2.1437376628222626
4,95,1,canonical,1000,0.908,2.7270395058372094
4,95,1,simplified,2000,0.908,2.729246088749445
4,95,1,canonical,2000,0.908,2.7270395058372094
4,96,0,canonical,1000,0.933,2.095512056068267
4,96,0,simplified,2000,0.931,2.0947223630710434
4,96,0,canonical,2000,0.933,2.096218279593099
4,96,1,canonical,1000,0.904,2.901499067937927
4,96,1,simplified,2000,0.904,2.9014990682493202
4,96,1,canonical,2000,0.904,2.901499067937927
4,97,0,canonical,1000,0.919,2.040857988496335
4,97,0,simplified,2000,0.918,2.034238154550301
4,97,0,canonical,2000,0.918,2.034238154550301
4,97,1,canonical,1000,0.876,2.559592805975696
4,97,1,simplified,2000,0.876,2.5756784669148507
4,97,1,canonical,2000,0.876,2.559592805975696
4,98,0,canonical,1000,0.858,1.9184064799943847
4,98,0,simplified,2000,0.858,1.9184064819017332
4,98,0,canonical,2000,0.858,1.9184064799943847
4,98,1,canonical,1000,0.884,2.7237626945802833
4,98,1,simplified,2000,0.884,2.73098179950895
4,98,1,canonical,2000,0.884,2.7393693585677594
4,99,0,canonical,1000,0.908,2.074560966065432
4,99,0,simplified,2000,0.908,2.0747796035313186
4,99,0,canonical,2000,0.908,2.074917886068779
4,99,1,canonical,1000,0.891,2.88674999938347
4,99,1,simplified,2000,0.891,2.9038063437080046
4,99,1,canonical,2000,0.891,2.8841349107591325
12,0,0,canonical,1000,0.933,2.1514398252745526
12,0,0,simplified,2000,0.933,2.167344800679819
12,0,0,canonical,2000,0.934,2.1658816016053724
12,0,1,canonical,1000,0.901,2.4041537587230732
12,0,1,simplified,2000,0.901,2.407160363150787
12,0,1,canonical,2000,0.901,2.4082466601496506
12,1,0,canonical,1000,0.907,2.0872749441035956
12,1,0,simplified,2000,0.906,2.0688271741246806
12,1,0,canonical,2000,0.906,2.076944054623271
12,1,1,canonical,1000,0.908,2.536349378098987
12,1,1,simplified,2000,0.919,2.5703341546823175
12,1,1,canonical,2000,0.909,2.5366140400217208
12,2,0,canonical,1000,0.905,2.0401578179536104
12,2,0,simplified,2000,0.909,2.076620967876734
12,2,0,canonical,2000,0.91,2.0797403410495674
12,2,1,canonical,1000,0.92,2.4949007871668902
12,2,1,simplified,2000,0.919,2.495022327423644
12,2,1,canonical,2000,0.921,2.495836577934114
12,3,0,canonical,1000,0.926,2.1321346567276684
12,3,0,simplified,2000,0.911,2.0841175892268593
12,3,0,canonical,2000,0.925,2.1284529165917094
12,3,1,canonical,1000,0.909,2.3885500103870303
12,3,1,simplified,2000,0.905,2.397423865570033
12,3,1,canonical,2000,0.907,2.386332053901381
12,4,0,canonical,1000,0.906,2.0540016773621343
12,4,0,simplified,2000,0.904,2.0561620932115203
12,4,0,canonical,2000,0.909,2.0852309587629914
12,4,1,canonical,1000,0.922,2.457995496513739
12,4,1,simplified,2000,0.915,2.4214897598277507
12,4,1,canonical,2000,0.915,2.423155085044785
12,5,0,canonical,1000,0.895,2.074245827378639
12,5,0,simplified,2000,0.897,2.064081060261223
12,5,0,canonical,2000,0.898,2.0728017290711147
12,5,1,canonical,1000,0.904,2.5011707116412762
12,5,1,simplified,2000,0.901,2.5038459819680403
12,5,1,canonical,2000,0.904,2.5011707116412762
12,6,0,canonical,1000,0.89,2.2017239053136546
12,6,0,simplified,2000,0.893,2.181457205147549
12,6,0,canonical,2000,0.89,2.1510567057863863
12,6,1,canonical,1000,0.882,2.2240294971285666
12,6,1,simplified,2000,0.897,2.3222656301805387
12,6,1,canonical,2000,0.87,2.1820170702613333
12,7,0,canonical,1000,0.869,1.9850013521773686
12,7,0,simplified,2000,0.874,2.0159623718730053
12,7,0,canonical,2000,0.875,1.9987782103472234
12,7,1,canonical,1000,0.872,2.322183633219383
12,7,1,simplified,2000,0.894,2.45287318439556
12,7,1,canonical,2000,0.882,2.3613440422435557
12,8,0,canonical,1000,0.893,2.0125660747810934
12,8,0,simplified,2000,0.893,2.010833660256814
12,8,0,canonical,2000,0.893,2.0037433411001673
12,8,1,canonical,1000,0.917,2.5205563010568035
12,8,1,simplified,2000,0.929,2.5741809745477737
12,8,1,canonical,2000,0.912,2.4866821174668217
12,9,0,canonical,1000,0.893,2.117914894178609
12,9,0,simplified,2000,0.881,2.018381350251909
12,9,0,canonical,2000,0.894,2.1180779277409445
12,9,1,canonical,1000,0.899,2.5545061205626594
12,9,1,simplified,2000,0.904,2.5808598464022925
12,9,1,canonical,2000,0.904,2.5655126588084194
12,10,0,canonical,1000,0.895,2.025677542065614
12,10,0,simplified,2000,0.897,2.0421367967309036
12,10,0,canonical,2000,0.896,2.0316352521764265
12,10,1,canonical,1000,0.889,2.3352143367766085
12,10,1,simplified,2000,0.885,2.289105747264979
12,10,1,canonical,2000,0.888,2.336878410734801
12,11,0,canonical,1000,0.867,1.9365361749593653
12,11,0,simplified,2000,0.867,1.9388803659930711
12,11,0,canonical,2000,0.868,1.9389809586364808
12,11,1,canonical,1000,0.895,2.2188498197813433
12,11,1,simplified,2000,0.889,2.2085898449443837
12,11,1,canonical,2000,0.891,2.2101970081358657
12,12,0,canonical,1000,0.863,1.9431995415630212
12,12,0,simplified,2000,0.881,2.0322627581187187
12,12,0,canonical,2000,0.861,1.937756258533152
12,12,1,canonical,1000,0.901,2.421580972438588
12,12,1,simplified,2000,0.901,2.4076851308993206
12,12,1,canonical,2000,0.904,2.430002378452953
12,13,0,canonical,1000,0.879,1.9619339485239546
12,13,0,simplified,2000,0.889,1.9693278306070923
12,13,0,canonical,2000,0.89,2.0134637517891973
12,13,1,canonical,1000,0.872,2.2079621006475136
12,13,1,simplified,2000,0.876,2.110137699602681
12,13,1,canonical,2000,0.875,2.2274255189225634
12,14,0,canonical,1000,0.904,2.1982675277378223
12,14,0,simplified,2000,0.892,2.041454649049246
12,14,0,canonical,2000,0.902,2.1865641294863343
12,14,1,canonical,1000,0.912,2.5171511056427676
12,14,1,simplified,2000,0.913,2.5107356730680674
12,14,1,canonical,2000,0.913,2.513065832665742
12,15,0,canonical,1000,0.894,2.0901418569463184
12,15,0,simplified,2000,0.894,2.091237038011931
12,15,0,canonical,2000,0.894,2.095476740406024
12,15,1,canonical,1000,0.894,2.447284735303736
12,15,1,simplified,2000,0.881,2.3313170101320906
12,15,1,canonical,2000,0.894,2.4429713914740243
12,16,0,canonical,1000,0.876,1.833086549053413
12,16,0,simplified,2000,0.889,1.8653698324880892
12,16,0,canonical,2000,0.879,1.836961411642851
12,16,1,canonical,1000,0.871,2.107527260552071
12,16,1,simplified,2000,0.868,2.0804446016147824
12,16,1,canonical,2000,0.872,2.112669460432157
12,17,0,canonical,1000,0.889,1.9985084167232308
12,17,0,simplified,2000,0.889,1.9989145881565837
12,17,0,canonical,2000,0.891,2.0108764385935056
12,17,1,canonical,1000,0.889,2.393117780849964
12,17,1,simplified,2000,0.88,2.37901686337088
12,17,1,canonical,2000,0.88,2.37852811636315
12,18,0,canonical,1000,0.919,2.2813769047027934
12,18,0,simplified,2000,0.924,2.2693401568798355
12,18,0,canonical,2000,0.925,2.3228227397209222
12,18,1,canonical,1000,0.901,2.432432873662653
12,18,1,simplified,2000,0.902,2.442434345645278
12,18,1,canonical,2000,0.902,2.4385192161267915
12,19,0,canonical,1000,0.897,1.9983750244304597
12,19,0,simplified,2000,0.885,1.9621254849602774
12,19,0,canonical,2000,0.897,2.025693398845589
12,19,1,canonical,1000,0.91,2.453150269927323
12,19,1,simplified,2000,0.907,2.4714731858985743
12,19,1,canonical,2000,0.909,2.455268502619876
12,20,0,canonical,1000,0.918,2.1427703988210896
12,20,0,simplified,2000,0.894,2.0005127042801494
12,20,0,canonical,2000,0.913,2.1376541676814558
12,20,1,canonical,1000,0.895,2.365709094058994
12,20,1,simplified,2000,0.892,2.3473934657547058
12,20,1,canonical,2000,0.893,2.346233312626741
12,21,0,canonical,1000,0.916,2.129461796753643
12,21,0,simplified,2000,0.92,2.0590017867497434
12,21,0,canonical,2000,0.916,2.127602440652274
12,21,1,canonical,1000,0.9,2.3292935595709126
12,21,1,simplified,2000,0.908,2.3718086003474093
12,21,1,canonical,2000,0.906,2.3780491178064667
12,22,0,canonical,1000,0.889,1.9482296993280097
12,22,0,simplified,2000,0.919,2.02130517052012
12,22,0,canonical,2000,0.892,1.9837883393101807
12,22,1,canonical,1000,0.898,2.38392163435409
12,22,1,simplified,2000,0.897,2.3802290918605062
12,22,1,canonical,2000,0.893,2.3583554399599804
12,23,0,canonical,1000,0.923,2.0536752464684316
12,23,0,simplified,2000,0.916,2.033255548944286
12,23,0,canonical,2000,0.921,2.0583137133764264
12,23,1,canonical,1000,0.914,2.565522320398601
12,23,1,simplified,2000,0.916,2.491230259198119
12,23,1,canonical,2000,0.91,2.530981424428583
12,24,0,canonical,1000,0.865,1.862019953955162
12,24,0,simplified,2000,0.868,1.859533843524926
12,24,0,canonical,2000,0.87,1.8666006795337038
12,24,1,canonical,1000,0.877,2.289213783520583
12,24,1,simplified,2000,0.883,2.3231973076413177
12,24,1,canonical,2000,0.882,2.2938900683225336
12,25,0,canonical,1000,0.902,1.9455938714956296
12,25,0,simplified,2000,0.912,1.9566756573965596
12,25,0,canonical,2000,0.903,1.9477871515733658
12,25,1,canonical,1000,0.929,2.471537900814901
12,25,1,simplified,2000,0.917,2.3739250911742404
12,25,1,canonical,2000,0.93,2.48877594245835
12,26,0,canonical,1000,0.895,1.962047053638098
12,26,0,simplified,2000,0.901,1.987279868451471
12,26,0,canonical,2000,0.906,2.005103128613139
12,26,1,canonical,1000,0.93,2.537523671380941
12,26,1,simplified,2000,0.931,2.5363791528700492
12,26,1,canonical,2000,0.93,2.5356376580153883
12,27,0,canonical,1000,0.935,2.2875737812868686
12,27,0,simplified,2000,0.938,2.27904188459557
12,27,0,canonical,2000,0.938,2.283553685232565
12,27,1,canonical,1000,0.925,2.5109618477011426
12,27,1,simplified,2000,0.921,2.4897755403423054
12,27,1,canonical,2000,0.92,2.486174913664826
12,28,0,canonical,1000,0.913,2.091970358980896
12,28,0,simplified,2000,0.913,2.1207313253974194
12,28,0,canonical,2000,0.913,2.11868497272256
12,28,1,canonical,1000,0.917,2.4200781737337875
12,28,1,simplified,2000,0.904,2.3407199200361193
12,28,1,canonical,2000,0.916,2.4072887860776166
12,29,0,canonical,1000,0.889,2.040060591437022
12,29,0,simplified,2000,0.901,2.162914001924227
12,29,0,canonical,2000,0.888,2.047784508565001
12,29,1,canonical,1000,0.88,2.2354368342504696
12,29,1,simplified,2000,0.889,2.263314457811599
12,29,1,canonical,2000,0.88,2.2484641293987435
12,30,0,canonical,1000,0.891,1.9939060483109423
12,30,0,simplified,2000,0.901,2.0683883020326186
12,30,0,canonical,2000,0.895,2.006201668701717
12,30,1,canonical,1000,0.902,2.334594655019878
12,30,1,simplified,2000,0.902,2.3324018752966476
12,30,1,canonical,2000,0.902,2.3354283469569412
12,31,0,canonical,1000,0.886,1.9027031723368242
12,31,0,simplified,2000,0.902,2.099116373300988
12,31,0,canonical,2000,0.887,1.8905364686073995
12,31,1,canonical,1000,0.916,2.4902774980826106
12,31,1,simplified,2000,0.917,2.4912926677900424
12,31,1,canonical,2000,0.916,2.487745852465763
12,32,0,canonical,1000,0.91,2.053609609971237
12,32,0,simplified,2000,0.909,2.065905350561853
12,32,0,canonical,2000,0.91,2.0681576046196404
12,32,1,canonical,1000,0.911,2.4799672324679705
12,32,1,simplified,2000,0.907,2.436255512634314
12,32,1,canonical,2000,0.91,2.472969968867902
12,33,0,canonical,1000,0.887,2.055285150932039
12,33,0,simplified,2000,0.873,1.9489938547104855
12,33,0,canonical,2000,0.881,2.017705646331208
12,33,1,canonical,1000,0.898,2.4020516896059854
12,33,1,simplified,2000,0.897,2.403682447129667
12,33,1,canonical,2000,0.898,2.4020516896059854
12,34,0,canonical,1000,0.906,2.1945371282719894
12,34,0,simplified,2000,0.899,1.9902824158540213
12,34,0,canonical,2000,0.904,2.1676545347145812
12,34,1,canonical,1000,0.919,2.4846017937694085
12,34,1,simplified,2000,0.919,2.481757484235088
12,34,1,canonical,2000,0.918,2.4824613755499145
12,35,0,canonical,1000,0.917,2.102349957662654
12,35,0,simplified,2000,0.907,2.054656135008706
12,35,0,canonical,2000,0.909,2.033298303025565
12,35,1,canonical,1000,0.91,2.397788860918903
12,35,1,simplified,2000,0.909,2.398026960513962
12,35,1,canonical,2000,0.909,2.394669918834573
12,36,0,canonical,1000,0.903,2.1437254414846993
12,36,0,simplified,2000,0.905,2.1395157823819617
12,36,0,canonical,2000,0.904,2.141581691174556
12,36,1,canonical,1000,0.882,2.3620463099951423
12,36,1,simplified,2000,0.882,2.3619472119602674
12,36,1,canonical,2000,0.883,2.3597872836633496
12,37,0,canonical,1000,0.905,1.9463435579804698
12,37,0,simplified,2000,0.905,1.9154800691033136
12,37,0,canonical,2000,0.905,1.9540850877207203
12,37,1,canonical,1000,0.914,2.4112421029833095
12,37,1,simplified,2000,0.913,2.4226533740800207
12,37,1,canonical,2000,0.914,2.4273739005066273
12,38,0,canonical,1000,0.903,2.0952365312101007
12,38,0,simplified,2000,0.899,2.130816884505157
12,38,0,canonical,2000,0.9,2.0791053513820072
12,38,1,canonical,1000,0.91,2.487660054812419
12,38,1,simplified,2000,0.903,2.347414573191501
12,38,1,canonical,2000,0.914,2.508272128967143
12,39,0,canonical,1000,0.92,2.0570704231355754
12,39,0,simplified,2000,0.922,2.0614507155828132
12,39,0,canonical,2000,0.925,2.0671485587846004
12,39,1,canonical,1000,0.877,2.3083929301675057
12,39,1,simplified,2000,0.892,2.3095977560620105
12,39,1,canonical,2000,0.878,2.3122641544369724
12,40,0,canonical,1000,0.891,1.9816819089219988
12,40,0,simplified,2000,0.894,2.05744394205681
12,40,0,canonical,2000,0.898,2.085574308810245
12,40,1,canonical,1000,0.908,2.52240521141183
12,40,1,simplified,2000,0.892,2.345974674568577
12,40,1,canonical,2000,0.907,2.5277104532562946
12,41,0,canonical,1000,0.916,2.0452161734002434
12,41,0,simplified,2000,0.914,2.033747476126451
12,41,0,canonical,2000,0.914,2.03298888175237
12,41,1,canonical,1000,0.891,2.2427941495470076
12,41,1,simplified,2000,0.891,2.23991133625363
12,41,1,canonical,2000,0.891,2.24184728911387
12,42,0,canonical,1000,0.892,1.9145538524128314
12,42,0,simplified,2000,0.89,1.8962364904947466
12,42,0,canonical,2000,0.893,1.9161180596306857
12,42,1,canonical,1000,0.882,2.2460914385309745
12,42,1,simplified,2000,0.882,2.2479620281040207
12,42,1,canonical,2000,0.882,2.246504914710402
12,43,0,canonical,1000,0.849,1.8219729730202956
12,43,0,simplified,2000,0.873,1.9200156595862088
12,43,0,canonical,2000,0.857,1.8239247947307071
12,43,1,canonical,1000,0.887,2.2877287264528117
12,43,1,simplified,2000,0.893,2.3660321321112106
12,43,1,canonical,2000,0.887,2.2765914746777
12,44,0,canonical,1000,0.93,2.1704646797427056
12,44,0,simplified,2000,0.927,2.147540744626179
12,44,0,canonical,2000,0.936,2.1843770116403913
12,44,1,canonical,1000,0.927,2.5922090272062137
12,44,1,simplified,2000,0.924,2.53741282953322
12,44,1,canonical,2000,0.928,2.5898025763826684
12,45,0,canonical,1000,0.892,2.0788153277746044
12,45,0,simplified,2000,0.893,2.1506008495843436
12,45,0,canonical,2000,0.899,2.0845356730498765
12,45,1,canonical,1000,0.906,2.6265158774336332
12,45,1,simplified,2000,0.901,2.5114893744928257
12,45,1,canonical,2000,0.905,2.6305417889257
12,46,0,canonical,1000,0.907,2.093753323405506
12,46,0,simplified,2000,0.906,2.1298983737829538
12,46,0,canonical,2000,0.905,2.0935051932621422
12,46,1,canonical,1000,0.902,2.4506375885394722
12,46,1,simplified,2000,0.903,2.442568602540455
12,46,1,canonical,2000,0.901,2.4445847430455547
12,47,0,canonical,1000,0.874,1.9827513314208063
12,47,0,simplified,2000,0.871,1.9538353308643313
12,47,0,canonical,2000,0.878,2.0211936305584897
12,47,1,canonical,1000,0.894,2.6262039892482445
12,47,1,simplified,2000,0.894,2.462759368402012
12,47,1,canonical,2000,0.895,2.61458467221092
12,48,0,canonical,1000,0.902,2.1030540510020117
12,48,0,simplified,2000,0.897,2.119403120335288
12,48,0,canonical,2000,0.897,2.120263718158587
12,48,1,canonical,1000,0.909,2.5476185061455334
12,48,1,simplified,2000,0.918,2.570482488352827
12,48,1,canonical,2000,0.91,2.549024400585222
12,49,0,canonical,1000,0.918,2.1841875040607386
12,49,0,simplified,2000,0.918,2.185834197125335
12,49,0,canonical,2000,0.918,2.1842248329941087
12,49,1,canonical,1000,0.916,2.4134475758438927
12,49,1,simplified,2000,0.906,2.469336777330429
12,49,1,canonical,2000,0.919,2.4332070649014677
12,50,0,canonical,1000,0.916,2.094460148644354
12,50,0,simplified,2000,0.92,2.109038506660592
12,50,0,canonical,2000,0.918,2.1004488891428448
12,50,1,canonical,1000,0.924,2.3837036750061644
12,50,1,simplified,2000,0.924,2.39927789937573
12,50,1,canonical,2000,0.921,2.3722686583669494
12,51,0,canonical,1000,0.899,2.0046937942102963
12,51,0,simplified,2000,0.907,2.0316204592742086
12,51,0,canonical,2000,0.899,2.0020891858473924
12,51,1,canonical,1000,0.902,2.3003576763380944
12,51,1,simplified,2000,0.902,2.297031502243534
12,51,1,canonical,2000,0.899,2.28406077703539
12,52,0,canonical,1000,0.895,2.0536145883241588
12,52,0,simplified,2000,0.914,2.1417607151683367
12,52,0,canonical,2000,0.889,2.0108019838987934
12,52,1,canonical,1000,0.878,2.1669234932726154
12,52,1,simplified,2000,0.878,2.1758006300802135
12,52,1,canonical,2000,0.88,2.1773999694896156
12,53,0,canonical,1000,0.923,2.073795401959281
12,53,0,simplified,2000,0.925,2.0944931380652934
12,53,0,canonical,2000,0.923,2.0620096296587196
12,53,1,canonical,1000,0.928,2.6026498408738132
12,53,1,simplified,2000,0.93,2.7200209329214733
12,53,1,canonical,2000,0.928,2.6022259119570346
12,54,0,canonical,1000,0.919,2.3679999897655333
12,54,0,simplified,2000,0.923,2.411586747347431
12,54,0,canonical,2000,0.928,2.4175396093355848
12,54,1,canonical,1000,0.91,2.5013791209795913
12,54,1,simplified,2000,0.909,2.5063463826848738
12,54,1,canonical,2000,0.908,2.503096177816939
12,55,0,canonical,1000,0.897,2.086992088059672
12,55,0,simplified,2000,0.895,2.0906131905455743
12,55,0,canonical,2000,0.895,2.0905330083158677
12,55,1,canonical,1000,0.899,2.468622507901914
12,55,1,simplified,2000,0.898,2.6458039661147703
12,55,1,canonical,2000,0.899,2.4660814302130585
12,56,0,canonical,1000,0.903,2.0756525055431387
12,56,0,simplified,2000,0.903,2.0869966489442993
12,56,0,canonical,2000,0.902,2.0936290964232573
12,56,1,canonical,1000,0.885,2.29892115629799
12,56,1,simplified,2000,0.888,2.3274766026469216
12,56,1,canonical,2000,0.891,2.3461123474213945
12,57,0,canonical,1000,0.876,2.0338571184190464
12,57,0,simplified,2000,0.886,2.066140358767927
12,57,0,canonical,2000,0.887,2.05689325184536
12,57,1,canonical,1000,0.884,2.381851381249274
12,57,1,simplified,2000,0.896,2.3810153065839614
12,57,1,canonical,2000,0.884,2.3713814523468346
12,58,0,canonical,1000,0.904,2.06183545760183
12,58,0,simplified,2000,0.906,2.0700738594713637
12,58,0,canonical,2000,0.907,2.084826544548882
12,58,1,canonical,1000,0.902,2.3444020949333058
12,58,1,simplified,2000,0.901,2.331664156472997
12,58,1,canonical,2000,0.901,2.3407448752451816
12,59,0,canonical,1000,0.837,1.8250374821639457
12,59,0,simplified,2000,0.836,1.8062834973819764
12,59,0,canonical,2000,0.835,1.8094523381886651
12,59,1,canonical,1000,0.878,2.3161164366929534
12,59,1,simplified,2000,0.874,2.3027521875476142
12,59,1,canonical,2000,0.877,2.3137360550506654
12,60,0,canonical,1000,0.889,2.134302879073058
12,60,0,simplified,2000,0.887,2.1280458511723337
12,60,0,canonical,2000,0.89,2.1379820542143397
12,60,1,canonical,1000,0.889,2.3379973527035856
12,60,1,simplified,2000,0.889,2.331128446703011
12,60,1,canonical,2000,0.889,2.3312488330809846
12,61,0,canonical,1000,0.877,1.8536616919316962
12,61,0,simplified,2000,0.877,1.916326024548418
12,61,0,canonical,2000,0.877,1.8937119933131352
12,61,1,canonical,1000,0.865,2.1961001377898097
12,61,1,simplified,2000,0.891,2.331782960294793
12,61,1,canonical,2000,0.862,2.182660129360091
12,62,0,canonical,1000,0.924,2.045259166828559
12,62,0,simplified,2000,0.924,2.0120950359717433
12,62,0,canonical,2000,0.928,2.048677033355297
12,62,1,canonical,1000,0.904,2.352421999112641
12,62,1,simplified,2000,0.899,2.2453054118388107
12,62,1,canonical,2000,0.903,2.315594301718177
12,63,0,canonical,1000,0.888,2.052919820704131
12,63,0,simplified,2000,0.888,2.074806923154551
12,63,0,canonical,2000,0.885,2.048362173395992
12,63,1,canonical,1000,0.884,2.2236986401343266
12,63,1,simplified,2000,0.891,2.249890129507771
12,63,1,canonical,2000,0.885,2.2403404361850363
12,64,0,canonical,1000,0.876,1.870781623837703
12,64,0,simplified,2000,0.879,1.8755444291359409
12,64,0,canonical,2000,0.879,1.8806837658165045
12,64,1,canonical,1000,0.909,2.4049866285766393
12,64,1,simplified,2000,0.9,2.343422034041595
12,64,1,canonical,2000,0.91,2.401073920871915
12,65,0,canonical,1000,0.883,1.9158865514333994
12,65,0,simplified,2000,0.885,1.9101826163627305
12,65,0,canonical,2000,0.886,1.9158940550220194
12,65,1,canonical,1000,0.871,2.322601972663197
12,65,1,simplified,2000,0.874,2.2746880229713655
12,65,1,canonical,2000,0.871,2.3141943877632225
12,66,0,canonical,1000,0.902,2.00747329279974
12,66,0,simplified,2000,0.886,1.9582284789925668
12,66,0,canonical,2000,0.9,1.997622645083929
12,66,1,canonical,1000,0.905,2.4005274288326306
12,66,1,simplified,2000,0.9,2.3905973124477895
12,66,1,canonical,2000,0.905,2.4013185849083225
12,67,0,canonical,1000,0.914,2.1276269678625637
12,67,0,simplified,2000,0.911,2.116195646823525
12,67,0,canonical,2000,0.91,2.1163668132947278
12,67,1,canonical,1000,0.878,2.2991061085732345
12,67,1,simplified,2000,0.869,2.2191532503231386
12,67,1,canonical,2000,0.876,2.290593749918962
12,68,0,canonical,1000,0.922,2.0506456010588137
12,68,0,simplified,2000,0.924,2.0542585343056023
12,68,0,canonical,2000,0.925,2.0492277399568226
12,68,1,canonical,1000,0.921,2.472210332649225
12,68,1,simplified,2000,0.929,2.519952635376783
12,68,1,canonical,2000,0.928,2.5182932268070553
12,69,0,canonical,1000,0.904,2.1423671661769057
12,69,0,simplified,2000,0.905,2.186690073453624
12,69,0,canonical,2000,0.903,2.1435716743062447
12,69,1,canonical,1000,0.912,2.4789821769575355
12,69,1,simplified,2000,0.915,2.476244560038177
12,69,1,canonical,2000,0.916,2.4767588225273505
12,70,0,canonical,1000,0.885,2.186955398005636
12,70,0,simplified,2000,0.874,2.0885766972644344
12,70,0,canonical,2000,0.888,2.210983784411814
12,70,1,canonical,1000,0.909,2.4275432617764685
12,70,1,simplified,2000,0.9,2.3114778092496637
12,70,1,canonical,2000,0.909,2.4225489919453542
12,71,0,canonical,1000,0.915,2.0912038379650886
12,71,0,simplified,2000,0.907,2.0365341822690324
12,71,0,canonical,2000,0.914,2.0884762504640575
12,71,1,canonical,1000,0.893,2.256908595866698
12,71,1,simplified,2000,0.899,2.2914801485282936
12,71,1,canonical,2000,0.899,2.2948547434940436
12,72,0,canonical,1000,0.899,2.0937496409261036
12,72,0,simplified,2000,0.877,2.012119252250743
12,72,0,canonical,2000,0.901,2.095004974884276
12,72,1,canonical,1000,0.899,2.346671376008082
12,72,1,simplified,2000,0.883,2.2772431405107114
12,72,1,canonical,2000,0.899,2.3481796465684064
12,73,0,canonical,1000,0.909,2.1096193223510564
12,73,0,simplified,2000,0.887,1.992828877837439
12,73,0,canonical,2000,0.909,2.1065851297285336
12,73,1,canonical,1000,0.869,2.0771144468158793
12,73,1,simplified,2000,0.893,2.231043975860184
12,73,1,canonical,2000,0.869,2.0724200699775412
12,74,0,canonical,1000,0.905,2.010903534221924
12,74,0,simplified,2000,0.906,2.005345470893841
12,74,0,canonical,2000,0.905,2.009445563863463
12,74,1,canonical,1000,0.91,2.597432630161731
12,74,1,simplified,2000,0.912,2.459020213606923
12,74,1,canonical,2000,0.911,2.5991538654159214
12,75,0,canonical,1000,0.893,1.9166833492548554
12,75,0,simplified,2000,0.895,1.9427491209590735
12,75,0,canonical,2000,0.893,1.9435899800815173
12,75,1,canonical,1000,0.889,2.28121750507689
12,75,1,simplified,2000,0.876,2.2053605457788734
12,75,1,canonical,2000,0.889,2.280526038368409
12,76,0,canonical,1000,0.874,1.9643939504353387
12,76,0,simplified,2000,0.881,1.919432813508757
12,76,0,canonical,2000,0.874,1.9627080256540803
12,76,1,canonical,1000,0.888,2.3468632210719003
12,76,1,simplified,2000,0.888,2.2332852145590327
12,76,1,canonical,2000,0.888,2.34911235775703
12,77,0,canonical,1000,0.883,1.9411960443176688
12,77,0,simplified,2000,0.883,1.9518463244947537
12,77,0,canonical,2000,0.881,1.9354718724373023
12,77,1,canonical,1000,0.877,2.2379467107810993
12,77,1,simplified,2000,0.89,2.319089653180478
12,77,1,canonical,2000,0.877,2.271310394093539
12,78,0,canonical,1000,0.912,2.1242435973267173
12,78,0,simplified,2000,0.897,1.9724467957867786
12,78,0,canonical,2000,0.91,2.105179732049846
12,78,1,canonical,1000,0.911,2.5506624930682458
12,78,1,simplified,2000,0.914,2.587183014630371
12,78,1,canonical,2000,0.911,2.524752996201711
12,79,0,canonical,1000,0.914,2.0760957987216067
12,79,0,simplified,2000,0.913,2.0770689531252327
12,79,0,canonical,2000,0.912,2.0798257129162976
12,79,1,canonical,1000,0.906,2.514738732616688
12,79,1,simplified,2000,0.915,2.5971418506945048
12,79,1,canonical,2000,0.912,2.5718482138045227
12,80,0,canonical,1000,0.907,2.015872316316213
12,80,0,simplified,2000,0.906,2.00969103952199
12,80,0,canonical,2000,0.907,2.016934175093467
12,80,1,canonical,1000,0.883,2.2444437831668966
12,80,1,simplified,2000,0.883,2.247934333796198
12,80,1,canonical,2000,0.883,2.244011705073981
12,81,0,canonical,1000,0.906,2.168056017438729
12,81,0,simplified,2000,0.885,2.0506649365421037
12,81,0,canonical,2000,0.904,2.1320206004808187
12,81,1,canonical,1000,0.866,2.0758006294209723
12,81,1,simplified,2000,0.884,2.2010451964147206
12,81,1,canonical,2000,0.867,2.0774398922367565
12,82,0,canonical,1000,0.909,2.098578728284751
12,82,0,simplified,2000,0.897,2.0416772076902334
12,82,0,canonical,2000,0.908,2.0761248763200046
12,82,1,canonical,1000,0.889,2.4538388726371556
12,82,1,simplified,2000,0.888,2.4403566289625997
12,82,1,canonical,2000,0.889,2.455903144103858
12,83,0,canonical,1000,0.866,1.9220089264588796
12,83,0,simplified,2000,0.865,1.9113053340861106
12,83,0,canonical,2000,0.865,1.9106856337758675
12,83,1,canonical,1000,0.879,2.3929698906010834
12,83,1,simplified,2000,0.877,2.3899325518136765
12,83,1,canonical,2000,0.878,2.395103883752422
12,84,0,canonical,1000,0.866,2.0234872762324576
12,84,0,simplified,2000,0.863,2.0009005256328734
12,84,0,canonical,2000,0.866,2.001711515985864
12,84,1,canonical,1000,0.874,2.3358976363191912
12,84,1,simplified,2000,0.874,2.3329683609566856
12,84,1,canonical,2000,0.874,2.3344043580185567
12,85,0,canonical,1000,0.86,1.9318488521090185
12,85,0,simplified,2000,0.862,1.918264299690775
12,85,0,canonical,2000,0.859,1.910174388083467
12,85,1,canonical,1000,0.888,2.278051614782806
12,85,1,simplified,2000,0.894,2.349496679541714
12,85,1,canonical,2000,0.889,2.277676923950251
12,86,0,canonical,1000,0.895,2.046265694990445
12,86,0,simplified,2000,0.895,2.0480060054291997
12,86,0,canonical,2000,0.895,2.041763063462768
12,86,1,canonical,1000,0.902,2.4153092023875082
12,86,1,simplified,2000,0.908,2.5112219591280653
12,86,1,canonical,2000,0.903,2.3990872726705392
12,87,0,canonical,1000,0.923,2.098685377727925
12,87,0,simplified,2000,0.921,2.1069038353012686
12,87,0,canonical,2000,0.923,2.1210586712775905
12,87,1,canonical,1000,0.915,2.487030958585237
12,87,1,simplified,2000,0.913,2.475544588058193
12,87,1,canonical,2000,0.915,2.489649827818822
12,88,0,canonical,1000,0.891,2.0513842014917207
12,88,0,simplified,2000,0.884,2.0303981013517194
12,88,0,canonical,2000,0.887,2.038135279401632
12,88,1,canonical,1000,0.914,2.3737684234944534
12,88,1,simplified,2000,0.914,2.383615873084177
12,88,1,canonical,2000,0.914,2.384515892065482
12,89,0,canonical,1000,0.913,2.158298986372235
12,89,0,simplified,2000,0.895,2.115563222657257
12,89,0,canonical,2000,0.911,2.1449241694943506
12,89,1,canonical,1000,0.893,2.408367346352253
12,89,1,simplified,2000,0.898,2.43396374008533
12,89,1,canonical,2000,0.895,2.403829157291026
12,90,0,canonical,1000,0.918,2.221821910230288
12,90,0,simplified,2000,0.904,2.1223590465640663
12,90,0,canonical,2000,0.904,2.1205602278614846
12,90,1,canonical,1000,0.882,2.3730121103491966
12,90,1,simplified,2000,0.888,2.4536526468391187
12,90,1,canonical,2000,0.868,2.2957238243824705
12,91,0,canonical,1000,0.906,2.0802000396501397
12,91,0,simplified,2000,0.91,2.106348369474852
12,91,0,canonical,2000,0.917,2.1227602124616296
12,91,1,canonical,1000,0.913,2.3230141411512175
12,91,1,simplified,2000,0.915,2.4132595991767913
12,91,1,canonical,2000,0.915,2.33752292084492
12,92,0,canonical,1000,0.885,1.9431859921852084
12,92,0,simplified,2000,0.883,2.010767804646442
12,92,0,canonical,2000,0.885,1.9622708588506534
12,92,1,canonical,1000,0.889,2.257050704237451
12,92,1,simplified,2000,0.888,2.251846273633656
12,92,1,canonical,2000,0.887,2.2555773527641265
12,93,0,canonical,1000,0.894,2.007840767604063
12,93,0,simplified,2000,0.89,1.9954003971240117
12,93,0,canonical,2000,0.894,2.012176044488884
12,93,1,canonical,1000,0.91,2.494927980281374
12,93,1,simplified,2000,0.91,2.508535838979628
12,93,1,canonical,2000,0.91,2.493726364207335
12,94,0,canonical,1000,0.922,2.0983430058098635
12,94,0,simplified,2000,0.922,2.1330332157060465
12,94,0,canonical,2000,0.919,2.072101140219178
12,94,1,canonical,1000,0.91,2.4736741908197173
12,94,1,simplified,2000,0.922,2.504078582525177
12,94,1,canonical,2000,0.912,2.4745218323339664
12,95,0,canonical,1000,0.899,2.0640866251277012
12,95,0,simplified,2000,0.912,2.099198125410594
12,95,0,canonical,2000,0.899,2.059460698037971
12,95,1,canonical,1000,0.909,2.473263755200178
12,95,1,simplified,2000,0.921,2.596653091371237
12,95,1,canonical,2000,0.909,2.4559520244017845
12,96,0,canonical,1000,0.887,2.032617147053379
12,96,0,simplified,2000,0.888,2.0366556949648453
12,96,0,canonical,2000,0.888,2.030518810649026
12,96,1,canonical,1000,0.883,2.1108195873724864
12,96,1,simplified,2000,0.886,2.1342120086638716
12,96,1,canonical,2000,0.881,2.09644164366985
12,97,0,canonical,1000,0.891,2.0212417869386394
12,97,0,simplified,2000,0.898,2.029774375333615
12,97,0,canonical,2000,0.891,2.031937866070929
12,97,1,canonical,1000,0.908,2.3318475268722385
12,97,1,simplified,2000,0.915,2.3696005736348495
12,97,1,canonical,2000,0.908,2.3197543572479997
12,98,0,canonical,1000,0.899,2.0137564273584982
12,98,0,simplified,2000,0.899,1.9976004722390088
12,98,0,canonical,2000,0.894,1.9746209530714516
12,98,1,canonical,1000,0.92,2.3648855820108574
12,98,1,simplified,2000,0.92,2.360684509593265
12,98,1,canonical,2000,0.917,2.331477842007214
12,99,0,canonical,1000,0.877,2.01415361727282
12,99,0,simplified,2000,0.901,2.1537808511169616
12,99,0,canonical,2000,0.878,2.0069141971465485
12,99,1,canonical,1000,0.893,2.266408133250092
12,99,1,simplified,2000,0.883,2.2148128294393095
12,99,1,canonical,2000,0.893,2.257051908462244
