mechanism,m,arm,method,coverage,coverage_se,length,length_se,inarcp_ratio,ratio_low,ratio_high,empty_mean
gaussian,4,same,IN-ARCP,0.8985400000000001,0.00177868524818789,2.3175648417131836,0.014022462926520032,1.0,1.0,1.0,0.0
gaussian,4,same,AR+raw-RMS,0.8997600000000001,0.0019370976936508594,2.7993526853769635,0.02032675064995947,0.8278931246568162,0.8190549750915197,0.8367312742221127,0.0
gaussian,4,same,AR+global,0.89775,0.0018064628644973817,1.9330846691962296,0.00864011975489897,1.1988946364552255,1.1844498451612941,1.213339427749157,0.0
gaussian,4,same,Student,0.8988299999999999,0.001032018224723584,2.309383032967336,0.0040661685966748035,1.0035428547924052,0.9915015219102887,1.0155841876745217,0.0
gaussian,4,same,Ad-EffOrt native,0.89747,0.0020300000000000014,2.017413188634168,0.009990453311137296,1.1487804554714072,1.135853039682451,1.1617078712603632,0.0
gaussian,4,same,Ad-EffOrt invariant,0.9001899999999999,0.0017083688835916697,2.7742465773595457,0.01816353705490876,0.8353853116830662,0.8254346049323403,0.845336018433792,0.0
gaussian,4,same,CQR invariant,0.8976899999999999,0.001890203078181729,2.8249083690041044,0.0206481128472579,0.8204035455246359,0.8112421397690269,0.8295649512802449,0.0
gaussian,4,same,RF invariant,0.89899,0.0017636334739120363,2.6489172541117387,0.017792023838260014,0.8749102442198907,0.8648362339105202,0.8849842545292612,0.0
gaussian,4,scale_x2,IN-ARCP,0.8985400000000001,0.00177868524818789,4.635129683426367,0.028044925853040064,1.0,1.0,1.0,0.0
gaussian,4,scale_x2,AR+raw-RMS,0.8997600000000001,0.0019370976936508594,5.598705370753927,0.04065350129991894,0.8278931246568162,0.8190549750915197,0.8367312742221127,0.0
gaussian,4,scale_x2,AR+global,0.6203399999999999,0.0025938629980253895,1.9330846691962296,0.00864011975489897,2.397789272910451,2.3688996903225883,2.426678855498314,0.0
gaussian,4,scale_x2,Student,0.8988299999999999,0.001032018224723584,4.618766065934672,0.008132337193349607,1.0035428547924052,0.9915015219102887,1.0155841876745217,0.0
gaussian,4,scale_x2,Ad-EffOrt native,0.7015600000000001,0.0035011778681818583,2.4897417790409433,0.018455778014236788,1.8616909281298377,1.8318333109938103,1.8915485452658651,0.0
gaussian,4,scale_x2,Ad-EffOrt invariant,0.9001899999999999,0.0017083688835916697,5.548493154719091,0.03632707410981752,0.8353853116830662,0.8254346049323403,0.845336018433792,0.0
gaussian,4,scale_x2,CQR invariant,0.8976899999999999,0.001890203078181729,5.649816738008209,0.0412962256945158,0.8204035455246359,0.8112421397690269,0.8295649512802449,0.0
gaussian,4,scale_x2,RF invariant,0.89899,0.0017636334739120363,5.2978345082234775,0.03558404767652003,0.8749102442198907,0.8648362339105202,0.8849842545292612,0.0
gaussian,4,future_x2,IN-ARCP,0.57083,0.003109842797027241,2.3175648417131836,0.014022462926520032,1.0,1.0,1.0,0.0
gaussian,4,future_x2,AR+raw-RMS,0.6359400000000001,0.0036045095212648417,2.7993526853769635,0.02032675064995947,0.8278931246568162,0.8190549750915197,0.8367312742221127,0.0
gaussian,4,future_x2,AR+global,0.53771,0.002526277854468862,1.9330846691962296,0.00864011975489897,1.1988946364552255,1.1844498451612941,1.213339427749157,0.0
gaussian,4,future_x2,Student,0.5700300000000001,0.0016168590950770337,2.309383032967336,0.0040661685966748035,1.0035428547924052,0.9915015219102887,1.0155841876745217,0.0
gaussian,4,future_x2,Ad-EffOrt native,0.5424099999999998,0.0028973026466461217,2.017413188634168,0.009990453311137296,1.1487804554714072,1.135853039682451,1.1617078712603632,0.0
gaussian,4,future_x2,Ad-EffOrt invariant,0.63091,0.0034798146647501372,2.7742465773595457,0.01816353705490876,0.8353853116830662,0.8254346049323403,0.845336018433792,0.0
gaussian,4,future_x2,CQR invariant,0.62918,0.003581331505674302,2.8249083690041044,0.0206481128472579,0.8204035455246359,0.8112421397690269,0.8295649512802449,0.0
gaussian,4,future_x2,RF invariant,0.61479,0.0033786404234708257,2.6489172541117387,0.017792023838260014,0.8749102442198907,0.8648362339105202,0.8849842545292612,0.0
gaussian,12,same,IN-ARCP,0.8991100000000002,0.0014929392743067889,2.007885336487244,0.007819240665536397,1.0,1.0,1.0,0.0
gaussian,12,same,AR+raw-RMS,0.8986000000000002,0.0013544539322344847,2.2533733199730266,0.009981544779319628,0.8910575618740703,0.8840123517623042,0.8981027719858363,0.0
gaussian,12,same,AR+global,0.8972100000000002,0.001676654617704765,1.923305809776547,0.008679204165938145,1.043976119804122,1.035572951917432,1.052379287690812,0.0
gaussian,12,same,Student,0.9005900000000001,0.000990571205482632,2.0117802093058432,0.001976503891473192,0.9980639670275199,0.9906716829464723,1.0054562511085674,0.0
gaussian,12,same,Ad-EffOrt native,0.8974800000000002,0.0017718608605336126,2.0435250692739912,0.009239505612463835,0.9825596791922847,0.9736844396787131,0.9914349187058563,0.0
gaussian,12,same,Ad-EffOrt invariant,0.9000900000000002,0.0014933586983776558,2.3869804718973873,0.012189117483389559,0.8411821379046289,0.8324568900650896,0.8499073857441682,0.0
gaussian,12,same,CQR invariant,0.8984600000000001,0.0015264946310373526,2.357595717394835,0.010329669710778835,0.8516665184249554,0.8445705861422275,0.8587624507076834,0.0
gaussian,12,same,RF invariant,0.90008,0.001560152802669268,2.317746384871751,0.01072561551190398,0.8663093380677832,0.8583895949899396,0.8742290811456268,0.0
gaussian,12,scale_x2,IN-ARCP,0.8991100000000002,0.0014929392743067889,4.015770672974488,0.015638481331072793,1.0,1.0,1.0,0.0
gaussian,12,scale_x2,AR+raw-RMS,0.8986000000000002,0.0013544539322344847,4.506746639946053,0.019963089558639256,0.8910575618740703,0.8840123517623042,0.8981027719858363,0.0
gaussian,12,scale_x2,AR+global,0.61753,0.0025949622912345566,1.923305809776547,0.008679204165938145,2.087952239608244,2.071145903834864,2.104758575381624,0.0
gaussian,12,scale_x2,Student,0.9005900000000001,0.000990571205482632,4.0235604186116865,0.003953007782946384,0.9980639670275199,0.9906716829464723,1.0054562511085674,0.0
gaussian,12,scale_x2,Ad-EffOrt native,0.7470399999999998,0.00285600271623672,2.867747255376858,0.02127408831840828,1.4003223838659957,1.378636636603085,1.4220081311289063,0.0
gaussian,12,scale_x2,Ad-EffOrt invariant,0.9000900000000002,0.0014933586983776558,4.7739609437947745,0.024378234966779117,0.8411821379046289,0.8324568900650896,0.8499073857441682,0.0
gaussian,12,scale_x2,CQR invariant,0.8984600000000001,0.0015264946310373526,4.71519143478967,0.02065933942155767,0.8516665184249554,0.8445705861422275,0.8587624507076834,0.0
gaussian,12,scale_x2,RF invariant,0.90008,0.001560152802669268,4.635492769743502,0.02145123102380796,0.8663093380677832,0.8583895949899396,0.8742290811456268,0.0
gaussian,12,future_x2,IN-ARCP,0.5223099999999999,0.002206908116425204,2.007885336487244,0.007819240665536397,1.0,1.0,1.0,0.0
gaussian,12,future_x2,AR+raw-RMS,0.55974,0.002239481361314882,2.2533733199730266,0.009981544779319628,0.8910575618740703,0.8840123517623042,0.8981027719858363,0.0
gaussian,12,future_x2,AR+global,0.535,0.0024353457846698267,1.923305809776547,0.008679204165938145,1.043976119804122,1.035572951917432,1.052379287690812,0.0
gaussian,12,future_x2,Student,0.52346,0.0015492207229716663,2.0117802093058432,0.001976503891473192,0.9980639670275199,0.9906716829464723,1.0054562511085674,0.0
gaussian,12,future_x2,Ad-EffOrt native,0.5449200000000001,0.0024968133225527216,2.0435250692739912,0.009239505612463835,0.9825596791922847,0.9736844396787131,0.9914349187058563,0.0
gaussian,12,future_x2,Ad-EffOrt invariant,0.57885,0.0027639590621009002,2.3869804718973873,0.012189117483389559,0.8411821379046289,0.8324568900650896,0.8499073857441682,0.0
gaussian,12,future_x2,CQR invariant,0.57245,0.002476612830280725,2.357595717394835,0.010329669710778835,0.8516665184249554,0.8445705861422275,0.8587624507076834,0.0
gaussian,12,future_x2,RF invariant,0.5701800000000001,0.002358538324959554,2.317746384871751,0.01072561551190398,0.8663093380677832,0.8583895949899396,0.8742290811456268,0.0
heavy,4,same,IN-ARCP,0.89911,0.0016667209082082673,2.358362668841694,0.016267908178129162,1.0,1.0,1.0,0.0
heavy,4,same,AR+raw-RMS,0.90215,0.0015591615851106814,2.785837078304067,0.01987804877759612,0.8465544116734183,0.8364406759687362,0.8566681473781004,0.0
heavy,4,same,AR+global,0.8988499999999999,0.0017933307986914629,1.8458366201902154,0.011305322297012092,1.277665987902365,1.2583639273112233,1.2969680484935069,0.0
heavy,4,same,Student,0.8881999999999999,0.0010356279508227143,2.2173667530597463,0.004352419534569437,1.0635870974377095,1.0496641227291557,1.0775100721462634,0.0
heavy,4,same,Ad-EffOrt native,0.8983300000000001,0.0016222602389346437,1.958997404599763,0.012188361504073797,1.203862069089124,1.1871378855605268,1.2205862526177211,0.0
heavy,4,same,Ad-EffOrt invariant,0.8996100000000002,0.001762510548718344,2.835045450241128,0.025371312864427564,0.8318606210144213,0.8203347201474097,0.8433865218814328,0.0
heavy,4,same,CQR invariant,0.9003800000000001,0.001618128361391456,2.904896201657816,0.02046998974167686,0.8118578100986132,0.8021318627661351,0.8215837574310914,0.0
heavy,4,same,RF invariant,0.8995200000000001,0.0015580666600539662,2.7134624744284785,0.021947578546739087,0.8691340643427998,0.8580486003495233,0.8802195283360763,0.0
heavy,4,scale_x2,IN-ARCP,0.89911,0.0016667209082082673,4.716725337683388,0.032535816356258324,1.0,1.0,1.0,0.0
heavy,4,scale_x2,AR+raw-RMS,0.90215,0.0015591615851106814,5.571674156608134,0.03975609755519224,0.8465544116734183,0.8364406759687362,0.8566681473781004,0.0
heavy,4,scale_x2,AR+global,0.6641999999999999,0.0031408356348030186,1.8458366201902154,0.01130532229701209,2.55533197580473,2.5167278546224465,2.5939360969870138,0.0
heavy,4,scale_x2,Student,0.8881999999999999,0.0010356279508227143,4.434733506119493,0.008704839069138874,1.0635870974377095,1.0496641227291557,1.0775100721462634,0.0
heavy,4,scale_x2,Ad-EffOrt native,0.7303000000000001,0.0029077222159017333,2.437822248662091,0.021172303302280083,1.9348110143272297,1.899960359938253,1.9696616687162063,0.0
heavy,4,scale_x2,Ad-EffOrt invariant,0.8996100000000002,0.001762510548718344,5.670090900482256,0.05074262572885513,0.8318606210144213,0.8203347201474097,0.8433865218814328,0.0
heavy,4,scale_x2,CQR invariant,0.9003800000000001,0.001618128361391456,5.809792403315632,0.04093997948335372,0.8118578100986132,0.8021318627661351,0.8215837574310914,0.0
heavy,4,scale_x2,RF invariant,0.8995200000000001,0.0015580666600539662,5.426924948856957,0.043895157093478174,0.8691340643427998,0.8580486003495233,0.8802195283360763,0.0
heavy,12,same,IN-ARCP,0.9028600000000001,0.0017075601354451975,2.0173036679350047,0.012378935438890603,1.0,1.0,1.0,0.0
heavy,12,same,AR+raw-RMS,0.9018200000000001,0.0016067018731211196,2.2350026795480393,0.01393586452347339,0.9025956373094561,0.8952262407909203,0.909965033827992,0.0
heavy,12,same,AR+global,0.8987900000000002,0.0017806079429410204,1.829059849747325,0.011126891974173828,1.1029183480320148,1.090031025037364,1.1158056710266657,0.0
heavy,12,same,Student,0.8977700000000002,0.0009587296940549133,1.9623852508172923,0.00281108001514393,1.0279855431520595,1.015756424313682,1.0402146619904369,0.0
heavy,12,same,Ad-EffOrt native,0.9001199999999998,0.0016053118895175064,1.995976119536678,0.011935700124292261,1.0106852723284472,0.9986400056833837,1.0227305389735106,0.0
heavy,12,same,Ad-EffOrt invariant,0.9006399999999998,0.0015377091711209563,2.4151561668769834,0.014032312647606493,0.8352684168426101,0.8267138634684087,0.8438229702168115,0.0
heavy,12,same,CQR invariant,0.90197,0.0015649865265499358,2.4026982051089503,0.014805720497679734,0.8395992737021793,0.8315779634900126,0.8476205839143461,0.0
heavy,12,same,RF invariant,0.9012700000000001,0.0015518548692946578,2.311542320396731,0.014670686491968728,0.8727089485382097,0.8640540502422313,0.8813638468341881,0.0
heavy,12,scale_x2,IN-ARCP,0.9028600000000001,0.0017075601354451975,4.034607335870009,0.024757870877781207,1.0,1.0,1.0,0.0
heavy,12,scale_x2,AR+raw-RMS,0.9018200000000001,0.0016067018731211196,4.470005359096079,0.02787172904694678,0.9025956373094561,0.8952262407909203,0.909965033827992,0.0
heavy,12,scale_x2,AR+global,0.66276,0.0031938741871326616,1.829059849747325,0.011126891974173827,2.2058366960640297,2.180062050074728,2.2316113420533314,0.0
heavy,12,scale_x2,Student,0.8977700000000002,0.0009587296940549133,3.9247705016345846,0.00562216003028786,1.0279855431520595,1.015756424313682,1.0402146619904369,0.0
heavy,12,scale_x2,Ad-EffOrt native,0.7752700000000001,0.002779101482584804,2.8525629154961507,0.02756952635017479,1.4143797894702224,1.3868901933963762,1.4418693855440685,0.0
heavy,12,scale_x2,Ad-EffOrt invariant,0.9006399999999998,0.0015377091711209563,4.830312333753967,0.028064625295212985,0.8352684168426101,0.8267138634684087,0.8438229702168115,0.0
heavy,12,scale_x2,CQR invariant,0.90197,0.0015649865265499358,4.8053964102179005,0.029611440995359468,0.8395992737021793,0.8315779634900126,0.8476205839143461,0.0
heavy,12,scale_x2,RF invariant,0.9012700000000001,0.0015518548692946578,4.623084640793462,0.029341372983937457,0.8727089485382097,0.8640540502422313,0.8813638468341881,0.0
ar2,4,same,IN-ARCP,0.8983300000000001,0.0017161181824576124,2.6656759060959985,0.015983635833120492,1.0,1.0,1.0,0.0
ar2,4,same,AR+raw-RMS,0.898,0.001744659962238599,3.0764644435213295,0.02075067013214245,0.8664738224781362,0.8572944390932358,0.8756532058630366,0.0
ar2,4,same,AR+global,0.8996200000000002,0.001777569558513405,2.2704730618894287,0.010583547220720966,1.1740618952235848,1.1603241144747578,1.1877996759724119,0.0
ar2,4,same,Student,0.90136,0.0009336060207711837,2.6840556971814142,0.005397578052302979,0.9931522318613891,0.9826379265436725,1.0036665371791056,0.0
ar2,4,same,Ad-EffOrt native,0.8991000000000001,0.0015344199048645218,2.239152146264546,0.009418706583948963,1.190484492330277,1.1770541333686961,1.203914851291858,0.0
ar2,4,same,Ad-EffOrt invariant,0.8989400000000001,0.0017283038920960481,2.9893596772501136,0.019856567463388975,0.8917213697577305,0.8821909747678798,0.9012517647475813,0.0
ar2,4,same,CQR invariant,0.9006799999999999,0.0017605600578144789,3.0265351543752628,0.01883220655088258,0.8807681953544819,0.871500471459126,0.8900359192498378,0.0
ar2,4,same,RF invariant,0.89939,0.0017025171501235024,2.8771096962612774,0.018300774267364605,0.9265117383462885,0.9177745386096103,0.9352489380829667,0.0
ar2,4,scale_x2,IN-ARCP,0.8983300000000001,0.0017161181824576124,5.331351812191997,0.031967271666240984,1.0,1.0,1.0,0.0
ar2,4,scale_x2,AR+raw-RMS,0.898,0.001744659962238599,6.152928887042659,0.0415013402642849,0.8664738224781362,0.8572944390932358,0.8756532058630366,0.0
ar2,4,scale_x2,AR+global,0.6219300000000001,0.0026950480215357656,2.2704730618894287,0.010583547220720966,2.3481237904471697,2.3206482289495156,2.3755993519448237,0.0
ar2,4,scale_x2,Student,0.90136,0.0009336060207711837,5.3681113943628285,0.010795156104605958,0.9931522318613891,0.9826379265436725,1.0036665371791056,0.0
ar2,4,scale_x2,Ad-EffOrt native,0.7095799999999999,0.002917248599954997,2.8177395047023226,0.020368761481513946,1.8920669576782694,1.8613606867705146,1.9227732285860242,0.0
ar2,4,scale_x2,Ad-EffOrt invariant,0.8989400000000001,0.0017283038920960481,5.978719354500227,0.03971313492677795,0.8917213697577305,0.8821909747678798,0.9012517647475813,0.0
ar2,4,scale_x2,CQR invariant,0.9006799999999999,0.0017605600578144789,6.0530703087505255,0.03766441310176516,0.8807681953544819,0.871500471459126,0.8900359192498378,0.0
ar2,4,scale_x2,RF invariant,0.89939,0.0017025171501235024,5.754219392522555,0.03660154853472921,0.9265117383462885,0.9177745386096103,0.9352489380829667,0.0
ar2,12,same,IN-ARCP,0.9003500000000001,0.001609402612051059,2.363522685447337,0.010492756257828516,1.0,1.0,1.0,0.0
ar2,12,same,AR+raw-RMS,0.9019400000000001,0.0016225569047312062,2.6316804417586117,0.013466167248531839,0.8981039825138954,0.890925218199298,0.9052827468284929,0.0
ar2,12,same,AR+global,0.8980400000000002,0.0014845276091141673,2.260499997212537,0.00886634050111477,1.0455751773332622,1.03677512727527,1.0543752273912543,0.0
ar2,12,same,Student,0.89807,0.0009712280053539643,2.3404324777177137,0.002717157556651342,1.0098657867507204,1.0016679817298397,1.018063591771601,0.0
ar2,12,same,Ad-EffOrt native,0.8989900000000002,0.0014380468656753826,2.288303817231466,0.010076539258331064,1.0328710146132936,1.0242321125329488,1.0415099166936383,0.0
ar2,12,same,Ad-EffOrt invariant,0.9029,0.001763576485498155,2.658067070525728,0.015657755295001456,0.8891885053073042,0.8801862174196453,0.8981907931949631,0.0
ar2,12,same,CQR invariant,0.9000800000000001,0.0016621563212777675,2.6010109988049788,0.014342291511818098,0.908693845021511,0.9003248703266755,0.9170628197163464,0.0
ar2,12,same,RF invariant,0.9003500000000001,0.00180523229429446,2.535566884537513,0.016262007125532604,0.9321476391968428,0.923397974554319,0.9408973038393666,0.0
ar2,12,scale_x2,IN-ARCP,0.9003500000000001,0.001609402612051059,4.727045370894674,0.020985512515657032,1.0,1.0,1.0,0.0
ar2,12,scale_x2,AR+raw-RMS,0.9019400000000001,0.0016225569047312062,5.263360883517223,0.026932334497063677,0.8981039825138954,0.890925218199298,0.9052827468284929,0.0
ar2,12,scale_x2,AR+global,0.6208800000000001,0.002466309556459374,2.260499997212537,0.00886634050111477,2.0911503546665244,2.07355025455054,2.1087504547825087,0.0
ar2,12,scale_x2,Student,0.89807,0.0009712280053539643,4.680864955435427,0.005434315113302684,1.0098657867507204,1.0016679817298397,1.018063591771601,0.0
ar2,12,scale_x2,Ad-EffOrt native,0.7503900000000001,0.002709873268496728,3.207138991914799,0.024034074098903423,1.4739134732892964,1.4519296998229894,1.4958972467556035,0.0
ar2,12,scale_x2,Ad-EffOrt invariant,0.9029,0.001763576485498155,5.316134141051456,0.03131551059000291,0.8891885053073042,0.8801862174196453,0.8981907931949631,0.0
ar2,12,scale_x2,CQR invariant,0.9000800000000001,0.0016621563212777675,5.2020219976099575,0.028684583023636197,0.908693845021511,0.9003248703266755,0.9170628197163464,0.0
ar2,12,scale_x2,RF invariant,0.9003500000000001,0.00180523229429446,5.071133769075026,0.03252401425106521,0.9321476391968428,0.923397974554319,0.9408973038393666,0.0
variable,4,same,IN-ARCP,0.9007700000000001,0.00155510595955856,3.539166661214366,0.019101900209700925,1.0,1.0,1.0,0.0
variable,4,same,AR+raw-RMS,0.90102,0.0015560231620410036,3.5457762609479944,0.019077449947142937,0.9981359230681236,0.9960583557184117,1.0002134904178355,0.0
variable,4,same,AR+global,0.90045,0.0015185303235149266,3.250167887028803,0.015880988954450746,1.0889181064581117,1.0741694047888548,1.1036668081273686,0.0
variable,4,same,Student,0.9071199999999999,0.0009180876039272341,3.618880638165022,0.007338488057325741,0.9779727532016432,0.968464410815002,0.9874810955882845,0.0
variable,4,same,Ad-EffOrt native,0.8975699999999999,0.0018237631757473684,2.518023518344355,0.01131447030342283,1.4055336002347711,1.3891859208483694,1.4218812796211728,0.0
variable,4,same,Ad-EffOrt invariant,0.9010300000000001,0.001578738468371236,3.351516164625466,0.021204323835898486,1.0559897334136445,1.046317923259337,1.0656615435679522,0.0
variable,4,same,CQR invariant,0.9011200000000001,0.0017071613866298653,3.229616243818752,0.022409365143197472,1.0958474301669963,1.0847985949255172,1.1068962654084753,0.0
variable,4,same,RF invariant,0.89991,0.0015238902237830053,3.027778755347949,0.020023430447754113,1.1688987033689815,1.1560219619990812,1.1817754447388817,0.0
variable,4,scale_x2,IN-ARCP,0.9007700000000001,0.00155510595955856,7.078333322428732,0.03820380041940185,1.0,1.0,1.0,0.0
variable,4,scale_x2,AR+raw-RMS,0.90102,0.0015560231620410036,7.091552521895989,0.038154899894285874,0.9981359230681236,0.9960583557184117,1.0002134904178355,0.0
variable,4,scale_x2,AR+global,0.62368,0.0025715569312198903,3.250167887028803,0.015880988954450746,2.1778362129162234,2.1483388095777096,2.2073336162547372,0.0
variable,4,scale_x2,Student,0.9071199999999999,0.0009180876039272341,7.237761276330044,0.014676976114651482,0.9779727532016432,0.968464410815002,0.9874810955882845,0.0
variable,4,scale_x2,Ad-EffOrt native,0.71076,0.002758206121757583,3.2483508743013862,0.023096645789363122,2.179054417559202,2.142747533843724,2.2153613012746805,0.0
variable,4,scale_x2,Ad-EffOrt invariant,0.9010300000000001,0.001578738468371236,6.703032329250932,0.04240864767179697,1.0559897334136445,1.046317923259337,1.0656615435679522,0.0
variable,4,scale_x2,CQR invariant,0.9011200000000001,0.0017071613866298653,6.459232487637504,0.044818730286394944,1.0958474301669963,1.0847985949255172,1.1068962654084753,0.0
variable,4,scale_x2,RF invariant,0.89991,0.0015238902237830053,6.055557510695898,0.04004686089550823,1.1688987033689815,1.1560219619990812,1.1817754447388817,0.0
variable,12,same,IN-ARCP,0.9020400000000001,0.0016684184732914601,3.345705738955894,0.015182968617123465,1.0,1.0,1.0,0.0
variable,12,same,AR+raw-RMS,0.9018000000000002,0.001682770683045428,3.3494431332516443,0.015125218918452069,0.9988841744292813,0.9963854348776217,1.001382913980941,0.0
variable,12,same,AR+global,0.8985299999999999,0.0015354040694767162,3.217234540835359,0.01617083217079903,1.03993218290115,1.0294702722427003,1.0503940935596,0.0
variable,12,same,Student,0.8892399999999999,0.0009688189206503467,3.211048915530509,0.004647614018016597,1.0419354631360818,1.0334363965583726,1.050434529713791,0.0
variable,12,same,Ad-EffOrt native,0.8993200000000001,0.001748354493328924,2.5963739928979037,0.012850113460307322,1.2886070142851935,1.2749326135589731,1.302281415011414,0.0
variable,12,same,Ad-EffOrt invariant,0.9015899999999999,0.0015730749017337513,2.999961058820643,0.01537583080336613,1.115249722698458,1.104553794468061,1.1259456509288548,0.0
variable,12,same,CQR invariant,0.9007200000000001,0.0016014564078558706,2.6944242248611308,0.013875066557479429,1.241714540748805,1.2294818729879473,1.2539472085096628,0.0
variable,12,same,RF invariant,0.90187,0.0016209895344224384,2.663910064507242,0.013083215497915524,1.2559379475803614,1.2423464501187405,1.2695294450419823,0.0
variable,12,scale_x2,IN-ARCP,0.9020400000000001,0.0016684184732914601,6.691411477911788,0.03036593723424693,1.0,1.0,1.0,0.0
variable,12,scale_x2,AR+raw-RMS,0.9018000000000002,0.001682770683045428,6.698886266503289,0.030250437836904138,0.9988841744292813,0.9963854348776217,1.001382913980941,0.0
variable,12,scale_x2,AR+global,0.62216,0.0024913474509213143,3.217234540835359,0.01617083217079903,2.0798643658023,2.0589405444854005,2.1007881871192,0.0
variable,12,scale_x2,Student,0.8892399999999999,0.0009688189206503467,6.422097831061018,0.009295228036033195,1.0419354631360818,1.0334363965583726,1.050434529713791,0.0
variable,12,scale_x2,Ad-EffOrt native,0.7500699999999999,0.00310650197898771,3.6589239968151204,0.028306435482269816,1.8287921486579855,1.8012526339416994,1.8563316633742715,0.0
variable,12,scale_x2,Ad-EffOrt invariant,0.9015899999999999,0.0015730749017337513,5.999922117641286,0.03075166160673226,1.115249722698458,1.104553794468061,1.1259456509288548,0.0
variable,12,scale_x2,CQR invariant,0.9007200000000001,0.0016014564078558706,5.3888484497222615,0.027750133114958858,1.241714540748805,1.2294818729879473,1.2539472085096628,0.0
variable,12,scale_x2,RF invariant,0.90187,0.0016209895344224384,5.327820129014484,0.026166430995831047,1.2559379475803614,1.2423464501187405,1.2695294450419823,0.0
